target,semantic_family,status,contract_text,requires,ensures,shared_helpers,source_reference,source_excerpt,strength,known_risks,typecheck_result,determinism_result,target_binding_result,signature_shape_result,generic_bounds_result,reviewer_notes
alloc::vec::Drain::as_slice,vec-iterator-adaptor-state,generated-new-real-relation-spec,"pub assume_specification<'a, 'b, T, A: core::alloc::Allocator>[ Drain::<'a, T, A>::as_slice ]( drain: &'b Drain<'a, T, A>, ) -> (ret: &'b [T]) ensures ret@ == vec_drain_remaining::<T, A>(drain), ;",none beyond documented Rust panic/unsafe domains,"ret@ == vec_drain_remaining::<T, A>(drain),",vec_drain_remaining,alloc/src/vec/drain.rs:56,pub fn as_slice(&self) -> &[T],medium: executable Verus assume_specification; feedback pipeline records honest determinism outcome,"Drain, Splice, IntoIter, and ExtractIf expose source-backed remaining sequences while retaining opaque iterator/lifetime/drop state",verus-typecheck: pass; rc=0; command=/usr/bin/timeout 110s /home/chentianyu/nanvix-rust-std-spec-survey/verus/source/target-verus/release/verus verification/harnesses/vec_all_contracts_batch.rs --no-verify; harness=verification/harnesses/vec_all_contracts_batch.rs; stdout=verification/evidence/vec_all_contracts_batch.verus.stdout; stderr=verification/evidence/vec_all_contracts_batch.verus.stderr,feedback-pipeline determinism: status=ok; R0=UNSAT; r0_z3=unsat; classification=complete; verus_rc=0; evidence=verification/evidence/vec_feedback_determinism/all-20260811T1447Z-module-first/alloc__vec__Drain__as_slice/result.json; synthetic=verification/evidence/vec_feedback_determinism/all-20260811T1447Z-module-first/alloc__vec__Drain__as_slice/synthetic_spec.rs; harness=verification/evidence/vec_feedback_determinism/all-20260811T1447Z-module-first/alloc__vec__Drain__as_slice/det_harness.rs,target alloc::vec::Drain::as_slice bound from inventory at alloc/src/vec/drain.rs:56,signature mirrored from inventory row and copied Rust 1.96 source declaration,none,Generated executable Vec assume_specification; feedback-pipeline determinism result recorded honestly.
alloc::vec::IntoIter::as_mut_slice,vec-iterator-adaptor-state,generated-new-real-relation-spec,"pub assume_specification<T, A: core::alloc::Allocator>[ IntoIter::<T, A>::as_mut_slice ]( iter: &mut IntoIter<T, A>, ) -> (ret: &mut [T]) ensures ret@ == vec_into_iter_remaining_mut::<T, A>(*old(iter)), vec_into_iter_remaining_mut::<T, A>(*final(iter)) == final(ret)@, ;",none beyond documented Rust panic/unsafe domains,"ret@ == vec_into_iter_remaining_mut::<T, A>(*old(iter)), vec_into_iter_remaining_mut::<T, A>(*final(iter)) == final(ret)@,",vec_into_iter_remaining_mut,alloc/src/vec/into_iter.rs:106,pub fn as_mut_slice(&mut self) -> &mut [T],medium: executable Verus assume_specification; feedback pipeline records honest determinism outcome,"Drain, Splice, IntoIter, and ExtractIf expose source-backed remaining sequences while retaining opaque iterator/lifetime/drop state",verus-typecheck: pass; rc=0; command=/usr/bin/timeout 110s /home/chentianyu/nanvix-rust-std-spec-survey/verus/source/target-verus/release/verus verification/harnesses/vec_all_contracts_batch.rs --no-verify; harness=verification/harnesses/vec_all_contracts_batch.rs; stdout=verification/evidence/vec_all_contracts_batch.verus.stdout; stderr=verification/evidence/vec_all_contracts_batch.verus.stderr,feedback-pipeline determinism: status=unsupported_mut_ref_return; R0=unsupported; evidence=verification/evidence/vec_feedback_determinism/all-20260811T1447Z-module-first/alloc__vec__IntoIter__as_mut_slice/result.json; synthetic=verification/evidence/vec_feedback_determinism/all-20260811T1447Z-module-first/alloc__vec__IntoIter__as_mut_slice/synthetic_spec.rs; harness=verification/evidence/vec_feedback_determinism/all-20260811T1447Z-module-first/alloc__vec__IntoIter__as_mut_slice/det_harness.rs,target alloc::vec::IntoIter::as_mut_slice bound from inventory at alloc/src/vec/into_iter.rs:106,signature mirrored from inventory row and copied Rust 1.96 source declaration,none,Generated executable Vec assume_specification; feedback-pipeline determinism result recorded honestly.
alloc::vec::IntoIter::as_slice,vec-iterator-adaptor-state,generated-new-real-relation-spec,"pub assume_specification<T, A: core::alloc::Allocator>[ IntoIter::<T, A>::as_slice ]( iter: &IntoIter<T, A>, ) -> (ret: &[T]) ensures ret@ == vec_into_iter_remaining::<T, A>(iter), ;",none beyond documented Rust panic/unsafe domains,"ret@ == vec_into_iter_remaining::<T, A>(iter),",vec_into_iter_remaining,alloc/src/vec/into_iter.rs:88,pub fn as_slice(&self) -> &[T],medium: executable Verus assume_specification; feedback pipeline records honest determinism outcome,"Drain, Splice, IntoIter, and ExtractIf expose source-backed remaining sequences while retaining opaque iterator/lifetime/drop state",verus-typecheck: pass; rc=0; command=/usr/bin/timeout 110s /home/chentianyu/nanvix-rust-std-spec-survey/verus/source/target-verus/release/verus verification/harnesses/vec_all_contracts_batch.rs --no-verify; harness=verification/harnesses/vec_all_contracts_batch.rs; stdout=verification/evidence/vec_all_contracts_batch.verus.stdout; stderr=verification/evidence/vec_all_contracts_batch.verus.stderr,feedback-pipeline determinism: status=ok; R0=UNSAT; r0_z3=unsat; classification=complete; verus_rc=0; evidence=verification/evidence/vec_feedback_determinism/all-20260811T1447Z-module-first/alloc__vec__IntoIter__as_slice/result.json; synthetic=verification/evidence/vec_feedback_determinism/all-20260811T1447Z-module-first/alloc__vec__IntoIter__as_slice/synthetic_spec.rs; harness=verification/evidence/vec_feedback_determinism/all-20260811T1447Z-module-first/alloc__vec__IntoIter__as_slice/det_harness.rs,target alloc::vec::IntoIter::as_slice bound from inventory at alloc/src/vec/into_iter.rs:88,signature mirrored from inventory row and copied Rust 1.96 source declaration,none,Generated executable Vec assume_specification; feedback-pipeline determinism result recorded honestly.
alloc::vec::Vec::append,vec-sequence-mutation,existing-vstd,"pub assume_specification<T, A: core::alloc::Allocator>[ Vec::<T, A>::append ]( vec: &mut Vec<T, A>, other: &mut Vec<T, A>, ) ensures final(vec)@ == old(vec)@ + old(other)@, final(other)@ == Seq::<T>::empty(), ;",none beyond documented Rust panic/unsafe domains,"final(vec)@ == old(vec)@ + old(other)@, final(other)@ == Seq::<T>::empty(),",preserve exact copied vstd Seq/View/capacity contract and target binding,alloc/src/vec/mod.rs:2930,"pub fn append(&mut self, other: &mut Self)",exact-existing-vstd baseline; copied declaration integrated verbatim where applicable,none beyond copied vstd abstraction boundaries,static-contract-shape-check: passed; exact copied vstd baseline is typechecked by vstd and is not redeclared in the local generated harness,exact-existing-vstd baseline row; determinism not rerun for copied vstd subtraction,target alloc::vec::Vec::append bound from inventory at alloc/src/vec/mod.rs:2930,signature mirrored from inventory row and copied Rust 1.96 source declaration,none,Exact copied vstd contract integrated in specs/existing_vstd_vec_specs.rs and specs/all_vec_specs.rs.
alloc::vec::Vec::as_mut_ptr,vec-raw-parts-pointer-provenance,generated-new-real-relation-spec,"pub assume_specification<T, A: core::alloc::Allocator>[ Vec::<T, A>::as_mut_ptr ]( vec: &mut Vec<T, A>, ) -> (ptr: *mut T) ensures vec_start_mut_ptr(old(vec)@, old(vec).spec_capacity(), ptr), final(vec)@ == old(vec)@, ;",none beyond documented Rust panic/unsafe domains,"vec_start_mut_ptr(old(vec)@, old(vec).spec_capacity(), ptr), final(vec)@ == old(vec)@,",CapacitySpec::spec_capacity;vec_start_mut_ptr,alloc/src/vec/mod.rs:2058,pub const fn as_mut_ptr(&mut self) -> *mut T,medium: executable Verus assume_specification; feedback pipeline records honest determinism outcome,"pointer address, provenance, allocation layout, and initialized raw storage state are source-observable but not uniquely determined by the pure Vec Seq view",verus-typecheck: pass; rc=0; command=/usr/bin/timeout 110s /home/chentianyu/nanvix-rust-std-spec-survey/verus/source/target-verus/release/verus verification/harnesses/vec_all_contracts_batch.rs --no-verify; harness=verification/harnesses/vec_all_contracts_batch.rs; stdout=verification/evidence/vec_all_contracts_batch.verus.stdout; stderr=verification/evidence/vec_all_contracts_batch.verus.stderr,"feedback-pipeline determinism: status=ok; R0=UNKNOWN; r0_z3=unknown; classification=ok_inconclusive; unknown_reason=raw-pointer-provenance-boundary; unknown_review_reason=Pointer address, provenance, and allocation layout are not uniquely recoverable from the Vec Seq view.; verus_rc=1; evidence=verification/evidence/vec_feedback_determinism/all-20260811T1447Z-module-first/alloc__vec__Vec__as_mut_ptr/result.json; synthetic=verification/evidence/vec_feedback_determinism/all-20260811T1447Z-module-first/alloc__vec__Vec__as_mut_ptr/synthetic_spec.rs; harness=verification/evidence/vec_feedback_determinism/all-20260811T1447Z-module-first/alloc__vec__Vec__as_mut_ptr/det_harness.rs",target alloc::vec::Vec::as_mut_ptr bound from inventory at alloc/src/vec/mod.rs:2058,signature mirrored from inventory row and copied Rust 1.96 source declaration,none,Generated executable Vec assume_specification; feedback-pipeline determinism result recorded honestly.
alloc::vec::Vec::as_mut_slice,vec-logical-sequence-view,existing-vstd,"#[doc(hidden)] pub assume_specification<T, A: core::alloc::Allocator>[ Vec::<T, A>::as_mut_slice ]( vec: &mut Vec<T, A>, ) -> (slice: &mut [T]) ensures slice@ == old(vec)@, final(slice)@ == final(vec)@, ;",none beyond documented Rust panic/unsafe domains,"slice@ == old(vec)@, final(slice)@ == final(vec)@,",preserve exact copied vstd Seq/View/capacity contract and target binding,alloc/src/vec/mod.rs:1892,pub const fn as_mut_slice(&mut self) -> &mut [T],exact-existing-vstd baseline; copied declaration integrated verbatim where applicable,none beyond copied vstd abstraction boundaries,static-contract-shape-check: passed; exact copied vstd baseline is typechecked by vstd and is not redeclared in the local generated harness,exact-existing-vstd baseline row; determinism not rerun for copied vstd subtraction,target alloc::vec::Vec::as_mut_slice bound from inventory at alloc/src/vec/mod.rs:1892,signature mirrored from inventory row and copied Rust 1.96 source declaration,none,Exact copied vstd contract integrated in specs/existing_vstd_vec_specs.rs and specs/all_vec_specs.rs.
alloc::vec::Vec::as_ptr,vec-raw-parts-pointer-provenance,generated-new-real-relation-spec,"pub assume_specification<T, A: core::alloc::Allocator>[ Vec::<T, A>::as_ptr ]( vec: &Vec<T, A>, ) -> (ptr: *const T) ensures vec_start_ptr(vec@, vec.spec_capacity(), ptr), ;",none beyond documented Rust panic/unsafe domains,"vec_start_ptr(vec@, vec.spec_capacity(), ptr),",CapacitySpec::spec_capacity;vec_start_ptr,alloc/src/vec/mod.rs:1974,pub const fn as_ptr(&self) -> *const T,medium: executable Verus assume_specification; feedback pipeline records honest determinism outcome,"pointer address, provenance, allocation layout, and initialized raw storage state are source-observable but not uniquely determined by the pure Vec Seq view",verus-typecheck: pass; rc=0; command=/usr/bin/timeout 110s /home/chentianyu/nanvix-rust-std-spec-survey/verus/source/target-verus/release/verus verification/harnesses/vec_all_contracts_batch.rs --no-verify; harness=verification/harnesses/vec_all_contracts_batch.rs; stdout=verification/evidence/vec_all_contracts_batch.verus.stdout; stderr=verification/evidence/vec_all_contracts_batch.verus.stderr,"feedback-pipeline determinism: status=ok; R0=UNKNOWN; r0_z3=unknown; classification=ok_inconclusive; unknown_reason=raw-pointer-provenance-boundary; unknown_review_reason=Pointer address, provenance, and allocation layout are not uniquely recoverable from the Vec Seq view.; verus_rc=1; evidence=verification/evidence/vec_feedback_determinism/all-20260811T1447Z-module-first/alloc__vec__Vec__as_ptr/result.json; synthetic=verification/evidence/vec_feedback_determinism/all-20260811T1447Z-module-first/alloc__vec__Vec__as_ptr/synthetic_spec.rs; harness=verification/evidence/vec_feedback_determinism/all-20260811T1447Z-module-first/alloc__vec__Vec__as_ptr/det_harness.rs",target alloc::vec::Vec::as_ptr bound from inventory at alloc/src/vec/mod.rs:1974,signature mirrored from inventory row and copied Rust 1.96 source declaration,none,Generated executable Vec assume_specification; feedback-pipeline determinism result recorded honestly.
alloc::vec::Vec::as_slice,vec-logical-sequence-view,existing-vstd,"pub assume_specification<T, A: core::alloc::Allocator>[ Vec::<T, A>::as_slice ]( vec: &Vec<T, A>, ) -> (slice: &[T]) ensures slice@ == vec@, ;",none beyond documented Rust panic/unsafe domains,"slice@ == vec@,",preserve exact copied vstd Seq/View/capacity contract and target binding,alloc/src/vec/mod.rs:1856,pub const fn as_slice(&self) -> &[T],exact-existing-vstd baseline; copied declaration integrated verbatim where applicable,none beyond copied vstd abstraction boundaries,static-contract-shape-check: passed; exact copied vstd baseline is typechecked by vstd and is not redeclared in the local generated harness,exact-existing-vstd baseline row; determinism not rerun for copied vstd subtraction,target alloc::vec::Vec::as_slice bound from inventory at alloc/src/vec/mod.rs:1856,signature mirrored from inventory row and copied Rust 1.96 source declaration,none,Exact copied vstd contract integrated in specs/existing_vstd_vec_specs.rs and specs/all_vec_specs.rs.
alloc::vec::Vec::capacity,vec-capacity-allocation-state,existing-vstd,"pub assume_specification<T, A: core::alloc::Allocator>[ Vec::<T, A>::capacity ]( v: &Vec<T, A>, ) -> (result: usize) ensures result as nat == v.spec_capacity(), ;",none beyond documented Rust panic/unsafe domains,"result as nat == v.spec_capacity(),",CapacitySpec::spec_capacity,alloc/src/vec/mod.rs:1444,pub const fn capacity(&self) -> usize,exact-existing-vstd baseline; copied declaration integrated verbatim where applicable,none beyond copied vstd abstraction boundaries,static-contract-shape-check: passed; exact copied vstd baseline is typechecked by vstd and is not redeclared in the local generated harness,exact-existing-vstd baseline row; determinism not rerun for copied vstd subtraction,target alloc::vec::Vec::capacity bound from inventory at alloc/src/vec/mod.rs:1444,signature mirrored from inventory row and copied Rust 1.96 source declaration,none,Exact copied vstd contract integrated in specs/existing_vstd_vec_specs.rs and specs/all_vec_specs.rs.
alloc::vec::Vec::clear,vec-sequence-mutation,existing-vstd,"pub assume_specification<T, A: core::alloc::Allocator>[ Vec::<T, A>::clear ](vec: &mut Vec<T, A>) ensures final(vec).view() == Seq::<T>::empty(), ;",none beyond documented Rust panic/unsafe domains,"final(vec).view() == Seq::<T>::empty(),",preserve exact copied vstd Seq/View/capacity contract and target binding,alloc/src/vec/mod.rs:3031,pub fn clear(&mut self),exact-existing-vstd baseline; copied declaration integrated verbatim where applicable,none beyond copied vstd abstraction boundaries,static-contract-shape-check: passed; exact copied vstd baseline is typechecked by vstd and is not redeclared in the local generated harness,exact-existing-vstd baseline row; determinism not rerun for copied vstd subtraction,target alloc::vec::Vec::clear bound from inventory at alloc/src/vec/mod.rs:3031,signature mirrored from inventory row and copied Rust 1.96 source declaration,none,Exact copied vstd contract integrated in specs/existing_vstd_vec_specs.rs and specs/all_vec_specs.rs.
alloc::vec::Vec::dedup,vec-callback-trace-mutation,generated-new-real-relation-spec,"pub assume_specification<T: core::cmp::PartialEq, A: core::alloc::Allocator>[ Vec::<T, A>::dedup ]( vec: &mut Vec<T, A>, ) ensures vec_dedup_partial_eq_result(old(vec)@, final(vec)@), ;",none beyond documented Rust panic/unsafe domains,"vec_dedup_partial_eq_result(old(vec)@, final(vec)@),",vec_dedup_partial_eq_result,alloc/src/vec/mod.rs:3704,pub fn dedup(&mut self),medium: executable Verus assume_specification; feedback pipeline records honest determinism outcome,"FnMut/FnOnce or Clone effects are source-observable only through ordered callback traces, so the contract preserves relational outcomes rather than choosing one concrete callback result",verus-typecheck: pass; rc=0; command=/usr/bin/timeout 110s /home/chentianyu/nanvix-rust-std-spec-survey/verus/source/target-verus/release/verus verification/harnesses/vec_all_contracts_batch.rs --no-verify; harness=verification/harnesses/vec_all_contracts_batch.rs; stdout=verification/evidence/vec_all_contracts_batch.verus.stdout; stderr=verification/evidence/vec_all_contracts_batch.verus.stderr,"feedback-pipeline determinism: status=ok; R0=UNKNOWN; r0_z3=unknown; classification=ok_inconclusive; unknown_reason=callback-trace-boundary; unknown_review_reason=FnMut/FnOnce or Clone effects are modeled by ordered source callback traces, preserving relational outcomes.; verus_rc=1; evidence=verification/evidence/vec_feedback_determinism/all-20260811T1447Z-module-first/alloc__vec__Vec__dedup/result.json; synthetic=verification/evidence/vec_feedback_determinism/all-20260811T1447Z-module-first/alloc__vec__Vec__dedup/synthetic_spec.rs; harness=verification/evidence/vec_feedback_determinism/all-20260811T1447Z-module-first/alloc__vec__Vec__dedup/det_harness.rs",target alloc::vec::Vec::dedup bound from inventory at alloc/src/vec/mod.rs:3704,signature mirrored from inventory row and copied Rust 1.96 source declaration,none,Generated executable Vec assume_specification; feedback-pipeline determinism result recorded honestly.
alloc::vec::Vec::dedup_by,vec-callback-trace-mutation,generated-new-real-relation-spec,"pub assume_specification<T, A: core::alloc::Allocator, F: core::ops::FnMut(&mut T, &mut T) -> bool>[ Vec::<T, A>::dedup_by::<F> ]( vec: &mut Vec<T, A>, same_bucket: F, ) ensures vec_dedup_by_result(old(vec)@, same_bucket, final(vec)@), ;",none beyond documented Rust panic/unsafe domains,"vec_dedup_by_result(old(vec)@, same_bucket, final(vec)@),",vec_dedup_by_result,alloc/src/vec/mod.rs:2651,"pub fn dedup_by<F>(&mut self, mut same_bucket: F) where F: FnMut(&mut T, &mut T) -> bool,",medium: executable Verus assume_specification; feedback pipeline records honest determinism outcome,"FnMut/FnOnce or Clone effects are source-observable only through ordered callback traces, so the contract preserves relational outcomes rather than choosing one concrete callback result",verus-typecheck: pass; rc=0; command=/usr/bin/timeout 110s /home/chentianyu/nanvix-rust-std-spec-survey/verus/source/target-verus/release/verus verification/harnesses/vec_all_contracts_batch.rs --no-verify; harness=verification/harnesses/vec_all_contracts_batch.rs; stdout=verification/evidence/vec_all_contracts_batch.verus.stdout; stderr=verification/evidence/vec_all_contracts_batch.verus.stderr,"feedback-pipeline determinism: status=ok; R0=UNKNOWN; r0_z3=unknown; classification=ok_inconclusive; unknown_reason=callback-trace-boundary; unknown_review_reason=FnMut/FnOnce or Clone effects are modeled by ordered source callback traces, preserving relational outcomes.; verus_rc=1; evidence=verification/evidence/vec_feedback_determinism/all-20260811T1447Z-module-first/alloc__vec__Vec__dedup_by/result.json; synthetic=verification/evidence/vec_feedback_determinism/all-20260811T1447Z-module-first/alloc__vec__Vec__dedup_by/synthetic_spec.rs; harness=verification/evidence/vec_feedback_determinism/all-20260811T1447Z-module-first/alloc__vec__Vec__dedup_by/det_harness.rs",target alloc::vec::Vec::dedup_by bound from inventory at alloc/src/vec/mod.rs:2651,signature mirrored from inventory row and copied Rust 1.96 source declaration,"<F>; where F: FnMut(&mut T, &mut T) -> bool",Generated executable Vec assume_specification; feedback-pipeline determinism result recorded honestly.
alloc::vec::Vec::dedup_by_key,vec-callback-trace-mutation,generated-new-real-relation-spec,"pub assume_specification<T, A: core::alloc::Allocator, F: core::ops::FnMut(&mut T) -> K, K: core::cmp::PartialEq>[ Vec::<T, A>::dedup_by_key::<F, K> ]( vec: &mut Vec<T, A>, key: F, ) ensures vec_dedup_by_key_result(old(vec)@, key, final(vec)@), ;",none beyond documented Rust panic/unsafe domains,"vec_dedup_by_key_result(old(vec)@, key, final(vec)@),",vec_dedup_by_key_result,alloc/src/vec/mod.rs:2624,"pub fn dedup_by_key<F, K>(&mut self, mut key: F) where F: FnMut(&mut T) -> K, K: PartialEq,",medium: executable Verus assume_specification; feedback pipeline records honest determinism outcome,"FnMut/FnOnce or Clone effects are source-observable only through ordered callback traces, so the contract preserves relational outcomes rather than choosing one concrete callback result",verus-typecheck: pass; rc=0; command=/usr/bin/timeout 110s /home/chentianyu/nanvix-rust-std-spec-survey/verus/source/target-verus/release/verus verification/harnesses/vec_all_contracts_batch.rs --no-verify; harness=verification/harnesses/vec_all_contracts_batch.rs; stdout=verification/evidence/vec_all_contracts_batch.verus.stdout; stderr=verification/evidence/vec_all_contracts_batch.verus.stderr,"feedback-pipeline determinism: status=ok; R0=UNKNOWN; r0_z3=unknown; classification=ok_inconclusive; unknown_reason=callback-trace-boundary; unknown_review_reason=FnMut/FnOnce or Clone effects are modeled by ordered source callback traces, preserving relational outcomes.; verus_rc=1; evidence=verification/evidence/vec_feedback_determinism/all-20260811T1447Z-module-first/alloc__vec__Vec__dedup_by_key/result.json; synthetic=verification/evidence/vec_feedback_determinism/all-20260811T1447Z-module-first/alloc__vec__Vec__dedup_by_key/synthetic_spec.rs; harness=verification/evidence/vec_feedback_determinism/all-20260811T1447Z-module-first/alloc__vec__Vec__dedup_by_key/det_harness.rs",target alloc::vec::Vec::dedup_by_key bound from inventory at alloc/src/vec/mod.rs:2624,signature mirrored from inventory row and copied Rust 1.96 source declaration,"<F, K>; where F: FnMut(&mut T) -> K, K: PartialEq",Generated executable Vec assume_specification; feedback-pipeline determinism result recorded honestly.
alloc::vec::Vec::drain,vec-iterator-adaptor-state,generated-new-real-relation-spec,"pub assume_specification<T, A: core::alloc::Allocator, R: core::ops::RangeBounds<usize>>[ Vec::<T, A>::drain::<R> ]( vec: &mut Vec<T, A>, range: R, ) -> (drain: Drain<'_, T, A>) requires vec_range_bounds_valid(old(vec)@, range), ensures vec_drain_created(old(vec)@, range, drain, final(vec)@), ;",see executable declaration,"vec_drain_created(old(vec)@, range, drain, final(vec)@),",vec_range_bounds_valid;vec_range_start;vec_range_end;vec_drain_created,alloc/src/vec/mod.rs:2985,"pub fn drain<R>(&mut self, range: R) -> Drain<'_, T, A> where R: RangeBounds<usize>,",medium: executable Verus assume_specification; feedback pipeline records honest determinism outcome,"Drain, Splice, IntoIter, and ExtractIf expose source-backed remaining sequences while retaining opaque iterator/lifetime/drop state",verus-typecheck: pass; rc=0; command=/usr/bin/timeout 110s /home/chentianyu/nanvix-rust-std-spec-survey/verus/source/target-verus/release/verus verification/harnesses/vec_all_contracts_batch.rs --no-verify; harness=verification/harnesses/vec_all_contracts_batch.rs; stdout=verification/evidence/vec_all_contracts_batch.verus.stdout; stderr=verification/evidence/vec_all_contracts_batch.verus.stderr,feedback-pipeline determinism: status=ok; R0=UNKNOWN; r0_z3=unknown; classification=ok_inconclusive; unknown_reason=iterator-adaptor-state-boundary; unknown_review_reason=Iterator/adaptor values expose modeled remaining sequences but keep opaque lifetime/drop state.; verus_rc=1; evidence=verification/evidence/vec_feedback_determinism/all-20260811T1447Z-module-first/alloc__vec__Vec__drain/result.json; synthetic=verification/evidence/vec_feedback_determinism/all-20260811T1447Z-module-first/alloc__vec__Vec__drain/synthetic_spec.rs; harness=verification/evidence/vec_feedback_determinism/all-20260811T1447Z-module-first/alloc__vec__Vec__drain/det_harness.rs,target alloc::vec::Vec::drain bound from inventory at alloc/src/vec/mod.rs:2985,signature mirrored from inventory row and copied Rust 1.96 source declaration,<R>; where R: RangeBounds<usize>,Generated executable Vec assume_specification; feedback-pipeline determinism result recorded honestly.
alloc::vec::Vec::extend_from_slice,vec-sequence-mutation,existing-vstd,"pub assume_specification<T: core::clone::Clone, A: core::alloc::Allocator>[ Vec::<T, A>::extend_from_slice ]( vec: &mut Vec<T, A>, other: &[T], ) ensures final(vec)@.len() == old(vec)@.len() + other@.len(), forall|i: int| #![trigger final(vec)@[i]] 0 <= i < final(vec)@.len() ==> if i < old(vec)@.len() { final(vec)@[i] == old(vec)@[i] } else { cloned::<T>(other@[i - old(vec)@.len()], final(vec)@[i]) }, ;",none beyond documented Rust panic/unsafe domains,"final(vec)@.len() == old(vec)@.len() + other@.len(), forall|i: int| #![trigger final(vec)@[i]] 0 <= i < final(vec)@.len() ==> if i < old(vec)@.len() { final(vec)@[i] == old(vec)@[i] } else { cloned::<T>(other@[i - old(vec)@.len()], final(vec)@[i]) },",preserve exact copied vstd Seq/View/capacity contract and target binding,alloc/src/vec/mod.rs:3566,"pub fn extend_from_slice(&mut self, other: &[T])",exact-existing-vstd baseline; copied declaration integrated verbatim where applicable,none beyond copied vstd abstraction boundaries,static-contract-shape-check: passed; exact copied vstd baseline is typechecked by vstd and is not redeclared in the local generated harness,exact-existing-vstd baseline row; determinism not rerun for copied vstd subtraction,target alloc::vec::Vec::extend_from_slice bound from inventory at alloc/src/vec/mod.rs:3566,signature mirrored from inventory row and copied Rust 1.96 source declaration,none,Exact copied vstd contract integrated in specs/existing_vstd_vec_specs.rs and specs/all_vec_specs.rs.
alloc::vec::Vec::extend_from_within,vec-sequence-mutation,generated-new-real-relation-spec,"pub assume_specification<T: core::clone::Clone, A: core::alloc::Allocator, R: core::ops::RangeBounds<usize>>[ Vec::<T, A>::extend_from_within::<R> ]( vec: &mut Vec<T, A>, src: R, ) requires vec_range_bounds_valid(old(vec)@, src), ensures vec_extend_from_within_result(old(vec)@, src, final(vec)@), ;",see executable declaration,"vec_extend_from_within_result(old(vec)@, src, final(vec)@),",vec_range_bounds_valid;vec_range_start;vec_range_end;vec_extend_from_within_result,alloc/src/vec/mod.rs:3597,"pub fn extend_from_within<R>(&mut self, src: R) where R: RangeBounds<usize>,",medium: executable Verus assume_specification; feedback pipeline records honest determinism outcome,"FnMut/FnOnce or Clone effects are source-observable only through ordered callback traces, so the contract preserves relational outcomes rather than choosing one concrete callback result",verus-typecheck: pass; rc=0; command=/usr/bin/timeout 110s /home/chentianyu/nanvix-rust-std-spec-survey/verus/source/target-verus/release/verus verification/harnesses/vec_all_contracts_batch.rs --no-verify; harness=verification/harnesses/vec_all_contracts_batch.rs; stdout=verification/evidence/vec_all_contracts_batch.verus.stdout; stderr=verification/evidence/vec_all_contracts_batch.verus.stderr,"feedback-pipeline determinism: status=ok; R0=UNKNOWN; r0_z3=unknown; classification=ok_inconclusive; unknown_reason=callback-trace-boundary; unknown_review_reason=FnMut/FnOnce or Clone effects are modeled by ordered source callback traces, preserving relational outcomes.; verus_rc=1; evidence=verification/evidence/vec_feedback_determinism/all-20260811T1447Z-module-first/alloc__vec__Vec__extend_from_within/result.json; synthetic=verification/evidence/vec_feedback_determinism/all-20260811T1447Z-module-first/alloc__vec__Vec__extend_from_within/synthetic_spec.rs; harness=verification/evidence/vec_feedback_determinism/all-20260811T1447Z-module-first/alloc__vec__Vec__extend_from_within/det_harness.rs",target alloc::vec::Vec::extend_from_within bound from inventory at alloc/src/vec/mod.rs:3597,signature mirrored from inventory row and copied Rust 1.96 source declaration,<R>; where R: RangeBounds<usize>,Generated executable Vec assume_specification; feedback-pipeline determinism result recorded honestly.
alloc::vec::Vec::extract_if,vec-iterator-adaptor-state,generated-new-real-relation-spec,"pub assume_specification<T, A: core::alloc::Allocator, F: core::ops::FnMut(&mut T) -> bool, R: core::ops::RangeBounds<usize>>[ Vec::<T, A>::extract_if::<F, R> ]( vec: &mut Vec<T, A>, range: R, filter: F, ) -> (iter: ExtractIf<'_, T, F, A>) requires vec_range_bounds_valid(old(vec)@, range), ensures vec_extract_if_created(old(vec)@, range, filter, iter, final(vec)@), ;",see executable declaration,"vec_extract_if_created(old(vec)@, range, filter, iter, final(vec)@),",vec_range_bounds_valid;vec_range_start;vec_range_end;vec_extract_if_created,alloc/src/vec/mod.rs:4224,"pub fn extract_if<F, R>(&mut self, range: R, filter: F) -> ExtractIf<'_, T, F, A> where F: FnMut(&mut T) -> bool, R: RangeBounds<usize>,",medium: executable Verus assume_specification; feedback pipeline records honest determinism outcome,"Drain, Splice, IntoIter, and ExtractIf expose source-backed remaining sequences while retaining opaque iterator/lifetime/drop state",verus-typecheck: pass; rc=0; command=/usr/bin/timeout 110s /home/chentianyu/nanvix-rust-std-spec-survey/verus/source/target-verus/release/verus verification/harnesses/vec_all_contracts_batch.rs --no-verify; harness=verification/harnesses/vec_all_contracts_batch.rs; stdout=verification/evidence/vec_all_contracts_batch.verus.stdout; stderr=verification/evidence/vec_all_contracts_batch.verus.stderr,feedback-pipeline determinism: status=ok; R0=UNKNOWN; r0_z3=unknown; classification=ok_inconclusive; unknown_reason=iterator-adaptor-state-boundary; unknown_review_reason=Iterator/adaptor values expose modeled remaining sequences but keep opaque lifetime/drop state.; verus_rc=1; evidence=verification/evidence/vec_feedback_determinism/all-20260811T1447Z-module-first/alloc__vec__Vec__extract_if/result.json; synthetic=verification/evidence/vec_feedback_determinism/all-20260811T1447Z-module-first/alloc__vec__Vec__extract_if/synthetic_spec.rs; harness=verification/evidence/vec_feedback_determinism/all-20260811T1447Z-module-first/alloc__vec__Vec__extract_if/det_harness.rs,target alloc::vec::Vec::extract_if bound from inventory at alloc/src/vec/mod.rs:4224,signature mirrored from inventory row and copied Rust 1.96 source declaration,"<F, R>; where F: FnMut(&mut T) -> bool, R: RangeBounds<usize>",Generated executable Vec assume_specification; feedback-pipeline determinism result recorded honestly.
alloc::vec::Vec::from_raw_parts,vec-raw-parts-pointer-provenance,generated-new-real-relation-spec,"pub assume_specification<T>[ Vec::<T>::from_raw_parts ]( ptr: *mut T, length: usize, capacity: usize, ) -> (vec: Vec<T>) requires vec_raw_parts_domain::<T>(ptr, length, capacity), ensures vec@ == vec_raw_parts_initialized_seq::<T>(ptr, length), vec.spec_capacity() == capacity as nat, ;",see executable declaration,"vec@ == vec_raw_parts_initialized_seq::<T>(ptr, length), vec.spec_capacity() == capacity as nat,",CapacitySpec::spec_capacity;vec_raw_parts_domain;vec_raw_parts_initialized_seq;vec_raw_parts_storage_ptr,alloc/src/vec/mod.rs:642,"pub const unsafe fn from_raw_parts(ptr: *mut T, length: usize, capacity: usize) -> Self",medium: executable Verus assume_specification; feedback pipeline records honest determinism outcome,"pointer address, provenance, allocation layout, and initialized raw storage state are source-observable but not uniquely determined by the pure Vec Seq view",verus-typecheck: pass; rc=0; command=/usr/bin/timeout 110s /home/chentianyu/nanvix-rust-std-spec-survey/verus/source/target-verus/release/verus verification/harnesses/vec_all_contracts_batch.rs --no-verify; harness=verification/harnesses/vec_all_contracts_batch.rs; stdout=verification/evidence/vec_all_contracts_batch.verus.stdout; stderr=verification/evidence/vec_all_contracts_batch.verus.stderr,"feedback-pipeline determinism: status=ok; R0=UNKNOWN; r0_z3=unknown; classification=ok_inconclusive; unknown_reason=raw-pointer-provenance-boundary; unknown_review_reason=Pointer address, provenance, and allocation layout are not uniquely recoverable from the Vec Seq view.; verus_rc=1; evidence=verification/evidence/vec_feedback_determinism/targeted-from-raw-parts-20260811T1518Z/alloc__vec__Vec__from_raw_parts/result.json; synthetic=verification/evidence/vec_feedback_determinism/targeted-from-raw-parts-20260811T1518Z/alloc__vec__Vec__from_raw_parts/synthetic_spec.rs; harness=verification/evidence/vec_feedback_determinism/targeted-from-raw-parts-20260811T1518Z/alloc__vec__Vec__from_raw_parts/det_harness.rs",target alloc::vec::Vec::from_raw_parts bound from inventory at alloc/src/vec/mod.rs:642,signature mirrored from inventory row and copied Rust 1.96 source declaration,none,Generated executable Vec assume_specification; feedback-pipeline determinism result recorded honestly.
alloc::vec::Vec::insert,vec-sequence-mutation,existing-vstd,"pub assume_specification<T, A: core::alloc::Allocator>[ Vec::<T, A>::insert ]( vec: &mut Vec<T, A>, i: usize, element: T, ) requires i <= old(vec).len(), ensures final(vec)@ == old(vec)@.insert(i as int, element), ;",see executable declaration,"final(vec)@ == old(vec)@.insert(i as int, element),",preserve exact copied vstd Seq/View/capacity contract and target binding,alloc/src/vec/mod.rs:2309,"pub fn insert(&mut self, index: usize, element: T)",exact-existing-vstd baseline; copied declaration integrated verbatim where applicable,none beyond copied vstd abstraction boundaries,static-contract-shape-check: passed; exact copied vstd baseline is typechecked by vstd and is not redeclared in the local generated harness,exact-existing-vstd baseline row; determinism not rerun for copied vstd subtraction,target alloc::vec::Vec::insert bound from inventory at alloc/src/vec/mod.rs:2309,signature mirrored from inventory row and copied Rust 1.96 source declaration,none,Exact copied vstd contract integrated in specs/existing_vstd_vec_specs.rs and specs/all_vec_specs.rs.
alloc::vec::Vec::insert_mut,vec-sequence-mutation,generated-new-real-relation-spec,"pub assume_specification<T, A: core::alloc::Allocator>[ Vec::<T, A>::insert_mut ]( vec: &mut Vec<T, A>, index: usize, element: T, ) -> (ret: &mut T) requires index <= old(vec)@.len(), ensures *ret == element, final(vec)@ == old(vec)@.insert(index as int, *final(ret)), ;",see executable declaration,"*ret == element, final(vec)@ == old(vec)@.insert(index as int, *final(ret)),",Seq/View old/final relation,alloc/src/vec/mod.rs:2340,"pub fn insert_mut(&mut self, index: usize, element: T) -> &mut T",medium: executable Verus assume_specification; feedback pipeline records honest determinism outcome,the inserted or pushed value view is fixed while the returned mutable reference identity and post-borrow mutation frame remain relational,verus-typecheck: pass; rc=0; command=/usr/bin/timeout 110s /home/chentianyu/nanvix-rust-std-spec-survey/verus/source/target-verus/release/verus verification/harnesses/vec_all_contracts_batch.rs --no-verify; harness=verification/harnesses/vec_all_contracts_batch.rs; stdout=verification/evidence/vec_all_contracts_batch.verus.stdout; stderr=verification/evidence/vec_all_contracts_batch.verus.stderr,feedback-pipeline determinism: status=unsupported_mut_ref_return; R0=unsupported; evidence=verification/evidence/vec_feedback_determinism/all-20260811T1447Z-module-first/alloc__vec__Vec__insert_mut/result.json; synthetic=verification/evidence/vec_feedback_determinism/all-20260811T1447Z-module-first/alloc__vec__Vec__insert_mut/synthetic_spec.rs; harness=verification/evidence/vec_feedback_determinism/all-20260811T1447Z-module-first/alloc__vec__Vec__insert_mut/det_harness.rs,target alloc::vec::Vec::insert_mut bound from inventory at alloc/src/vec/mod.rs:2340,signature mirrored from inventory row and copied Rust 1.96 source declaration,none,Generated executable Vec assume_specification; feedback-pipeline determinism result recorded honestly.
alloc::vec::Vec::into_boxed_slice,vec-slice-boxed-slice-conversion,generated-new-real-relation-spec,"pub assume_specification<T, A: core::alloc::Allocator>[ Vec::<T, A>::into_boxed_slice ]( vec: Vec<T, A>, ) -> (ret: alloc::boxed::Box<[T], A>) ensures boxed_slice_view::<T, A>(ret) == vec@, boxed_slice_capacity::<T, A>(ret) == vec@.len(), ;",none beyond documented Rust panic/unsafe domains,"boxed_slice_view::<T, A>(ret) == vec@, boxed_slice_capacity::<T, A>(ret) == vec@.len(),",boxed_slice_view;boxed_slice_capacity,alloc/src/vec/mod.rs:1731,"pub fn into_boxed_slice(mut self) -> Box<[T], A>",medium: executable Verus assume_specification; feedback pipeline records honest determinism outcome,"Box/slice/leak conversions preserve the logical sequence while allocation identity, allocator state, and leaked lifetime provenance remain boundary state",verus-typecheck: pass; rc=0; command=/usr/bin/timeout 110s /home/chentianyu/nanvix-rust-std-spec-survey/verus/source/target-verus/release/verus verification/harnesses/vec_all_contracts_batch.rs --no-verify; harness=verification/harnesses/vec_all_contracts_batch.rs; stdout=verification/evidence/vec_all_contracts_batch.verus.stdout; stderr=verification/evidence/vec_all_contracts_batch.verus.stderr,feedback-pipeline determinism: status=ok; R0=UNKNOWN; r0_z3=unknown; classification=ok_inconclusive; unknown_reason=conversion-allocation-boundary; unknown_review_reason=Conversion preserves logical sequence while allocation identity/lifetime provenance remains boundary state.; verus_rc=1; evidence=verification/evidence/vec_feedback_determinism/all-20260811T1447Z-module-first/alloc__vec__Vec__into_boxed_slice/result.json; synthetic=verification/evidence/vec_feedback_determinism/all-20260811T1447Z-module-first/alloc__vec__Vec__into_boxed_slice/synthetic_spec.rs; harness=verification/evidence/vec_feedback_determinism/all-20260811T1447Z-module-first/alloc__vec__Vec__into_boxed_slice/det_harness.rs,target alloc::vec::Vec::into_boxed_slice bound from inventory at alloc/src/vec/mod.rs:1731,signature mirrored from inventory row and copied Rust 1.96 source declaration,none,Generated executable Vec assume_specification; feedback-pipeline determinism result recorded honestly.
alloc::vec::Vec::into_flattened,vec-sequence-mutation,generated-new-real-relation-spec,"pub assume_specification<T, A: core::alloc::Allocator, const N: usize>[ Vec::<[T; N], A>::into_flattened ]( vec: Vec<[T; N], A>, ) -> (ret: Vec<T, A>) ensures ret@ == flatten_array_vec::<T, N>(vec@), ret@.len() == vec@.len() * N, ;",none beyond documented Rust panic/unsafe domains,"ret@ == flatten_array_vec::<T, N>(vec@), ret@.len() == vec@.len() * N,",flatten_array_vec;array_value_view,alloc/src/vec/mod.rs:3633,"pub fn into_flattened(self) -> Vec<T, A>",medium: executable Verus assume_specification; feedback pipeline records honest determinism outcome,flattening preserves element order through fixed-array views but capacity and allocation layout are modeled relationally,verus-typecheck: pass; rc=0; command=/usr/bin/timeout 110s /home/chentianyu/nanvix-rust-std-spec-survey/verus/source/target-verus/release/verus verification/harnesses/vec_all_contracts_batch.rs --no-verify; harness=verification/harnesses/vec_all_contracts_batch.rs; stdout=verification/evidence/vec_all_contracts_batch.verus.stdout; stderr=verification/evidence/vec_all_contracts_batch.verus.stderr,feedback-pipeline determinism: status=ok; R0=UNSAT; r0_z3=unsat; classification=complete; verus_rc=0; evidence=verification/evidence/vec_feedback_determinism/all-20260811T1447Z-module-first/alloc__vec__Vec__into_flattened/result.json; synthetic=verification/evidence/vec_feedback_determinism/all-20260811T1447Z-module-first/alloc__vec__Vec__into_flattened/synthetic_spec.rs; harness=verification/evidence/vec_feedback_determinism/all-20260811T1447Z-module-first/alloc__vec__Vec__into_flattened/det_harness.rs,target alloc::vec::Vec::into_flattened bound from inventory at alloc/src/vec/mod.rs:3633,signature mirrored from inventory row and copied Rust 1.96 source declaration,none,Generated executable Vec assume_specification; feedback-pipeline determinism result recorded honestly.
alloc::vec::Vec::into_raw_parts,vec-raw-parts-pointer-provenance,generated-new-real-relation-spec,"pub assume_specification<T>[ Vec::<T>::into_raw_parts ]( vec: Vec<T>, ) -> (parts: (*mut T, usize, usize)) ensures parts.1 == vec@.len(), parts.2 as nat == vec.spec_capacity(), vec_raw_parts_round_trip(vec@, vec.spec_capacity(), parts.0, parts.1, parts.2), ;",none beyond documented Rust panic/unsafe domains,"parts.1 == vec@.len(), parts.2 as nat == vec.spec_capacity(), vec_raw_parts_round_trip(vec@, vec.spec_capacity(), parts.0, parts.1, parts.2),",CapacitySpec::spec_capacity;vec_raw_parts_round_trip,alloc/src/vec/mod.rs:840,"pub const fn into_raw_parts(self) -> (*mut T, usize, usize)",medium: executable Verus assume_specification; feedback pipeline records honest determinism outcome,"pointer address, provenance, allocation layout, and initialized raw storage state are source-observable but not uniquely determined by the pure Vec Seq view",verus-typecheck: pass; rc=0; command=/usr/bin/timeout 110s /home/chentianyu/nanvix-rust-std-spec-survey/verus/source/target-verus/release/verus verification/harnesses/vec_all_contracts_batch.rs --no-verify; harness=verification/harnesses/vec_all_contracts_batch.rs; stdout=verification/evidence/vec_all_contracts_batch.verus.stdout; stderr=verification/evidence/vec_all_contracts_batch.verus.stderr,feedback-pipeline determinism: status=ok; R0=UNSAT; r0_z3=unsat; classification=complete; verus_rc=0; evidence=verification/evidence/vec_feedback_determinism/all-20260811T1447Z-module-first/alloc__vec__Vec__into_raw_parts/result.json; synthetic=verification/evidence/vec_feedback_determinism/all-20260811T1447Z-module-first/alloc__vec__Vec__into_raw_parts/synthetic_spec.rs; harness=verification/evidence/vec_feedback_determinism/all-20260811T1447Z-module-first/alloc__vec__Vec__into_raw_parts/det_harness.rs,target alloc::vec::Vec::into_raw_parts bound from inventory at alloc/src/vec/mod.rs:840,signature mirrored from inventory row and copied Rust 1.96 source declaration,none,Generated executable Vec assume_specification; feedback-pipeline determinism result recorded honestly.
alloc::vec::Vec::is_empty,vec-logical-sequence-view,existing-vstd,"pub assume_specification<T, A: core::alloc::Allocator> [ <Vec<T, A>>::is_empty ]( v: &Vec<T, A>, ) -> (res: bool) ensures res <==> v@.len() == 0, ;",none beyond documented Rust panic/unsafe domains,"res <==> v@.len() == 0,",preserve exact copied vstd Seq/View/capacity contract and target binding,alloc/src/vec/mod.rs:3088,pub const fn is_empty(&self) -> bool,exact-existing-vstd baseline; copied declaration integrated verbatim where applicable,none beyond copied vstd abstraction boundaries,static-contract-shape-check: passed; exact copied vstd baseline is typechecked by vstd and is not redeclared in the local generated harness,exact-existing-vstd baseline row; determinism not rerun for copied vstd subtraction,target alloc::vec::Vec::is_empty bound from inventory at alloc/src/vec/mod.rs:3088,signature mirrored from inventory row and copied Rust 1.96 source declaration,none,Exact copied vstd contract integrated in specs/existing_vstd_vec_specs.rs and specs/all_vec_specs.rs.
alloc::vec::Vec::leak,vec-slice-boxed-slice-conversion,generated-new-real-relation-spec,"pub assume_specification<'a, T, A: core::alloc::Allocator + 'a>[ Vec::<T, A>::leak ]( vec: Vec<T, A>, ) -> (ret: &'a mut [T]) ensures ret@ == vec@, final(ret)@.len() == vec@.len(), ;",none beyond documented Rust panic/unsafe domains,"ret@ == vec@, final(ret)@.len() == vec@.len(),",Seq/View old/final relation,alloc/src/vec/mod.rs:3224,"pub fn leak<'a>(self) -> &'a mut [T] where A: 'a,",medium: executable Verus assume_specification; feedback pipeline records honest determinism outcome,"Box/slice/leak conversions preserve the logical sequence while allocation identity, allocator state, and leaked lifetime provenance remain boundary state",verus-typecheck: pass; rc=0; command=/usr/bin/timeout 110s /home/chentianyu/nanvix-rust-std-spec-survey/verus/source/target-verus/release/verus verification/harnesses/vec_all_contracts_batch.rs --no-verify; harness=verification/harnesses/vec_all_contracts_batch.rs; stdout=verification/evidence/vec_all_contracts_batch.verus.stdout; stderr=verification/evidence/vec_all_contracts_batch.verus.stderr,feedback-pipeline determinism: status=unsupported_mut_ref_return; R0=unsupported; evidence=verification/evidence/vec_feedback_determinism/all-20260811T1447Z-module-first/alloc__vec__Vec__leak/result.json; synthetic=verification/evidence/vec_feedback_determinism/all-20260811T1447Z-module-first/alloc__vec__Vec__leak/synthetic_spec.rs; harness=verification/evidence/vec_feedback_determinism/all-20260811T1447Z-module-first/alloc__vec__Vec__leak/det_harness.rs,target alloc::vec::Vec::leak bound from inventory at alloc/src/vec/mod.rs:3224,signature mirrored from inventory row and copied Rust 1.96 source declaration,<'a>; where A: 'a,Generated executable Vec assume_specification; feedback-pipeline determinism result recorded honestly.
alloc::vec::Vec::len,vec-logical-sequence-view,existing-vstd,"#[verifier::when_used_as_spec(spec_vec_len)] pub assume_specification<T, A: core::alloc::Allocator>[ Vec::<T, A>::len ]( vec: &Vec<T, A>, ) -> (len: usize) ensures len == spec_vec_len(vec), no_unwind ;",none beyond documented Rust panic/unsafe domains,"len == spec_vec_len(vec), no_unwind",spec_vec_len,alloc/src/vec/mod.rs:3063,pub const fn len(&self) -> usize,exact-existing-vstd baseline; copied declaration integrated verbatim where applicable,none beyond copied vstd abstraction boundaries,static-contract-shape-check: passed; exact copied vstd baseline is typechecked by vstd and is not redeclared in the local generated harness,exact-existing-vstd baseline row; determinism not rerun for copied vstd subtraction,target alloc::vec::Vec::len bound from inventory at alloc/src/vec/mod.rs:3063,signature mirrored from inventory row and copied Rust 1.96 source declaration,none,Exact copied vstd contract integrated in specs/existing_vstd_vec_specs.rs and specs/all_vec_specs.rs.
alloc::vec::Vec::new,vec-sequence-mutation,existing-vstd,"pub assume_specification<T>[ Vec::<T>::new ]() -> (v: Vec<T>) ensures v@ == Seq::<T>::empty(), ;",none beyond documented Rust panic/unsafe domains,"v@ == Seq::<T>::empty(),",preserve exact copied vstd Seq/View/capacity contract and target binding,alloc/src/vec/mod.rs:461,pub const fn new() -> Self,exact-existing-vstd baseline; copied declaration integrated verbatim where applicable,none beyond copied vstd abstraction boundaries,static-contract-shape-check: passed; exact copied vstd baseline is typechecked by vstd and is not redeclared in the local generated harness,exact-existing-vstd baseline row; determinism not rerun for copied vstd subtraction,target alloc::vec::Vec::new bound from inventory at alloc/src/vec/mod.rs:461,signature mirrored from inventory row and copied Rust 1.96 source declaration,none,Exact copied vstd contract integrated in specs/existing_vstd_vec_specs.rs and specs/all_vec_specs.rs.
alloc::vec::Vec::pop,vec-sequence-mutation,existing-vstd,"pub assume_specification<T, A: core::alloc::Allocator>[ Vec::<T, A>::pop ]( vec: &mut Vec<T, A>, ) -> (value: Option<T>) ensures old(vec)@.len() > 0 ==> value == Some(old(vec)@[old(vec)@.len() - 1]) && final(vec)@ == old(vec)@.subrange(0, old(vec)@.len() - 1), old(vec)@.len() == 0 ==> value == None::<T> && final(vec)@ == old(vec)@, ;",none beyond documented Rust panic/unsafe domains,"old(vec)@.len() > 0 ==> value == Some(old(vec)@[old(vec)@.len() - 1]) && final(vec)@ == old(vec)@.subrange(0, old(vec)@.len() - 1), old(vec)@.len() == 0 ==> value == None::<T> && final(vec)@ == old(vec)@,",preserve exact copied vstd Seq/View/capacity contract and target binding,alloc/src/vec/mod.rs:2853,pub fn pop(&mut self) -> Option<T>,exact-existing-vstd baseline; copied declaration integrated verbatim where applicable,none beyond copied vstd abstraction boundaries,static-contract-shape-check: passed; exact copied vstd baseline is typechecked by vstd and is not redeclared in the local generated harness,exact-existing-vstd baseline row; determinism not rerun for copied vstd subtraction,target alloc::vec::Vec::pop bound from inventory at alloc/src/vec/mod.rs:2853,signature mirrored from inventory row and copied Rust 1.96 source declaration,none,Exact copied vstd contract integrated in specs/existing_vstd_vec_specs.rs and specs/all_vec_specs.rs.
alloc::vec::Vec::pop_if,vec-callback-trace-mutation,generated-new-real-relation-spec,"pub assume_specification<T, A: core::alloc::Allocator, P: core::ops::FnOnce(&mut T) -> bool>[ Vec::<T, A>::pop_if ]( vec: &mut Vec<T, A>, predicate: P, ) -> (ret: Option<T>) ensures vec_pop_if_result(old(vec)@, predicate, ret, final(vec)@), ;",none beyond documented Rust panic/unsafe domains,"vec_pop_if_result(old(vec)@, predicate, ret, final(vec)@),",vec_pop_if_result,alloc/src/vec/mod.rs:2880,"pub fn pop_if(&mut self, predicate: impl FnOnce(&mut T) -> bool) -> Option<T>",medium: executable Verus assume_specification; feedback pipeline records honest determinism outcome,"FnMut/FnOnce or Clone effects are source-observable only through ordered callback traces, so the contract preserves relational outcomes rather than choosing one concrete callback result",verus-typecheck: pass; rc=0; command=/usr/bin/timeout 110s /home/chentianyu/nanvix-rust-std-spec-survey/verus/source/target-verus/release/verus verification/harnesses/vec_all_contracts_batch.rs --no-verify; harness=verification/harnesses/vec_all_contracts_batch.rs; stdout=verification/evidence/vec_all_contracts_batch.verus.stdout; stderr=verification/evidence/vec_all_contracts_batch.verus.stderr,"feedback-pipeline determinism: status=ok; R0=UNKNOWN; r0_z3=unknown; classification=ok_inconclusive; unknown_reason=callback-trace-boundary; unknown_review_reason=FnMut/FnOnce or Clone effects are modeled by ordered source callback traces, preserving relational outcomes.; verus_rc=1; evidence=verification/evidence/vec_feedback_determinism/all-20260811T1447Z-module-first/alloc__vec__Vec__pop_if/result.json; synthetic=verification/evidence/vec_feedback_determinism/all-20260811T1447Z-module-first/alloc__vec__Vec__pop_if/synthetic_spec.rs; harness=verification/evidence/vec_feedback_determinism/all-20260811T1447Z-module-first/alloc__vec__Vec__pop_if/det_harness.rs",target alloc::vec::Vec::pop_if bound from inventory at alloc/src/vec/mod.rs:2880,signature mirrored from inventory row and copied Rust 1.96 source declaration,none,Generated executable Vec assume_specification; feedback-pipeline determinism result recorded honestly.
alloc::vec::Vec::push,vec-sequence-mutation,existing-vstd,"pub assume_specification<T, A: core::alloc::Allocator>[ Vec::<T, A>::push ]( vec: &mut Vec<T, A>, value: T, ) ensures final(vec)@ == old(vec)@.push(value), ;",none beyond documented Rust panic/unsafe domains,"final(vec)@ == old(vec)@.push(value),",preserve exact copied vstd Seq/View/capacity contract and target binding,alloc/src/vec/mod.rs:1001,"pub fn push(&mut self, value: T)",exact-existing-vstd baseline; copied declaration integrated verbatim where applicable,none beyond copied vstd abstraction boundaries,static-contract-shape-check: passed; exact copied vstd baseline is typechecked by vstd and is not redeclared in the local generated harness,exact-existing-vstd baseline row; determinism not rerun for copied vstd subtraction,target alloc::vec::Vec::push bound from inventory at alloc/src/vec/mod.rs:1001,signature mirrored from inventory row and copied Rust 1.96 source declaration,none,Exact copied vstd contract integrated in specs/existing_vstd_vec_specs.rs and specs/all_vec_specs.rs.
alloc::vec::Vec::push_mut,vec-sequence-mutation,generated-new-real-relation-spec,"pub assume_specification<T, A: core::alloc::Allocator>[ Vec::<T, A>::push_mut ]( vec: &mut Vec<T, A>, value: T, ) -> (ret: &mut T) ensures *ret == value, final(vec)@ == old(vec)@.push(*final(ret)), ;",none beyond documented Rust panic/unsafe domains,"*ret == value, final(vec)@ == old(vec)@.push(*final(ret)),",Seq/View old/final relation,alloc/src/vec/mod.rs:1033,"pub fn push_mut(&mut self, value: T) -> &mut T",medium: executable Verus assume_specification; feedback pipeline records honest determinism outcome,the inserted or pushed value view is fixed while the returned mutable reference identity and post-borrow mutation frame remain relational,verus-typecheck: pass; rc=0; command=/usr/bin/timeout 110s /home/chentianyu/nanvix-rust-std-spec-survey/verus/source/target-verus/release/verus verification/harnesses/vec_all_contracts_batch.rs --no-verify; harness=verification/harnesses/vec_all_contracts_batch.rs; stdout=verification/evidence/vec_all_contracts_batch.verus.stdout; stderr=verification/evidence/vec_all_contracts_batch.verus.stderr,feedback-pipeline determinism: status=unsupported_mut_ref_return; R0=unsupported; evidence=verification/evidence/vec_feedback_determinism/all-20260811T1447Z-module-first/alloc__vec__Vec__push_mut/result.json; synthetic=verification/evidence/vec_feedback_determinism/all-20260811T1447Z-module-first/alloc__vec__Vec__push_mut/synthetic_spec.rs; harness=verification/evidence/vec_feedback_determinism/all-20260811T1447Z-module-first/alloc__vec__Vec__push_mut/det_harness.rs,target alloc::vec::Vec::push_mut bound from inventory at alloc/src/vec/mod.rs:1033,signature mirrored from inventory row and copied Rust 1.96 source declaration,none,Generated executable Vec assume_specification; feedback-pipeline determinism result recorded honestly.
alloc::vec::Vec::remove,vec-sequence-mutation,existing-vstd,"pub assume_specification<T, A: core::alloc::Allocator>[ Vec::<T, A>::remove ]( vec: &mut Vec<T, A>, i: usize, ) -> (element: T) requires i < old(vec).len(), ensures element == old(vec)[i as int], final(vec)@ == old(vec)@.remove(i as int), ;",see executable declaration,"element == old(vec)[i as int], final(vec)@ == old(vec)@.remove(i as int),",preserve exact copied vstd Seq/View/capacity contract and target binding,alloc/src/vec/mod.rs:2404,"pub fn remove(&mut self, index: usize) -> T",exact-existing-vstd baseline; copied declaration integrated verbatim where applicable,none beyond copied vstd abstraction boundaries,static-contract-shape-check: passed; exact copied vstd baseline is typechecked by vstd and is not redeclared in the local generated harness,exact-existing-vstd baseline row; determinism not rerun for copied vstd subtraction,target alloc::vec::Vec::remove bound from inventory at alloc/src/vec/mod.rs:2404,signature mirrored from inventory row and copied Rust 1.96 source declaration,none,Exact copied vstd contract integrated in specs/existing_vstd_vec_specs.rs and specs/all_vec_specs.rs.
alloc::vec::Vec::reserve,vec-capacity-allocation-state,existing-vstd,"pub assume_specification<T, A: core::alloc::Allocator>[ Vec::<T, A>::reserve ]( vec: &mut Vec<T, A>, additional: usize, ) ensures final(vec)@ == old(vec)@, ;",none beyond documented Rust panic/unsafe domains,"final(vec)@ == old(vec)@,",preserve exact copied vstd Seq/View/capacity contract and target binding,alloc/src/vec/mod.rs:1468,"pub fn reserve(&mut self, additional: usize)",exact-existing-vstd baseline; copied declaration integrated verbatim where applicable,none beyond copied vstd abstraction boundaries,static-contract-shape-check: passed; exact copied vstd baseline is typechecked by vstd and is not redeclared in the local generated harness,exact-existing-vstd baseline row; determinism not rerun for copied vstd subtraction,target alloc::vec::Vec::reserve bound from inventory at alloc/src/vec/mod.rs:1468,signature mirrored from inventory row and copied Rust 1.96 source declaration,none,Exact copied vstd contract integrated in specs/existing_vstd_vec_specs.rs and specs/all_vec_specs.rs.
alloc::vec::Vec::reserve_exact,vec-capacity-allocation-state,existing-vstd,"pub assume_specification<T, A: core::alloc::Allocator>[ Vec::<T, A>::reserve_exact ]( v: &mut Vec<T, A>, additional: usize, ) ensures final(v)@ == old(v)@, final(v).spec_capacity() >= old(v)@.len() + additional as nat, ;",none beyond documented Rust panic/unsafe domains,"final(v)@ == old(v)@, final(v).spec_capacity() >= old(v)@.len() + additional as nat,",CapacitySpec::spec_capacity,alloc/src/vec/mod.rs:1498,"pub fn reserve_exact(&mut self, additional: usize)",exact-existing-vstd baseline; copied declaration integrated verbatim where applicable,none beyond copied vstd abstraction boundaries,static-contract-shape-check: passed; exact copied vstd baseline is typechecked by vstd and is not redeclared in the local generated harness,exact-existing-vstd baseline row; determinism not rerun for copied vstd subtraction,target alloc::vec::Vec::reserve_exact bound from inventory at alloc/src/vec/mod.rs:1498,signature mirrored from inventory row and copied Rust 1.96 source declaration,none,Exact copied vstd contract integrated in specs/existing_vstd_vec_specs.rs and specs/all_vec_specs.rs.
alloc::vec::Vec::resize,vec-sequence-mutation,existing-vstd,"pub assume_specification<T: core::clone::Clone, A: core::alloc::Allocator>[ Vec::<T, A>::resize ]( vec: &mut Vec<T, A>, len: usize, value: T, ) ensures len <= old(vec).len() ==> final(vec)@ == old(vec)@.subrange(0, len as int), len > old(vec).len() ==> { &&& final(vec)@.len() == len &&& final(vec)@.subrange(0, old(vec).len() as int) == old(vec)@ &&& forall|i| #![all_triggers] old(vec).len() <= i < len ==> cloned::<T>(value, final(vec)@[i]) }, ;",none beyond documented Rust panic/unsafe domains,"len <= old(vec).len() ==> final(vec)@ == old(vec)@.subrange(0, len as int), len > old(vec).len() ==> { &&& final(vec)@.len() == len &&& final(vec)@.subrange(0, old(vec).len() as int) == old(vec)@ &&& forall|i| #![all_triggers] old(vec).len() <= i < len ==> cloned::<T>(value, final(vec)@[i]) },",preserve exact copied vstd Seq/View/capacity contract and target binding,alloc/src/vec/mod.rs:3532,"pub fn resize(&mut self, new_len: usize, value: T)",exact-existing-vstd baseline; copied declaration integrated verbatim where applicable,none beyond copied vstd abstraction boundaries,static-contract-shape-check: passed; exact copied vstd baseline is typechecked by vstd and is not redeclared in the local generated harness,exact-existing-vstd baseline row; determinism not rerun for copied vstd subtraction,target alloc::vec::Vec::resize bound from inventory at alloc/src/vec/mod.rs:3532,signature mirrored from inventory row and copied Rust 1.96 source declaration,none,Exact copied vstd contract integrated in specs/existing_vstd_vec_specs.rs and specs/all_vec_specs.rs.
alloc::vec::Vec::resize_with,vec-callback-trace-mutation,generated-new-real-relation-spec,"pub assume_specification<T, A: core::alloc::Allocator, F: core::ops::FnMut() -> T>[ Vec::<T, A>::resize_with::<F> ]( vec: &mut Vec<T, A>, new_len: usize, f: F, ) ensures new_len <= old(vec)@.len() ==> final(vec)@ == old(vec)@.subrange(0, new_len as int), new_len > old(vec)@.len() ==> vec_resize_with_result(old(vec)@, new_len, f, final(vec)@), ;",none beyond documented Rust panic/unsafe domains,"new_len <= old(vec)@.len() ==> final(vec)@ == old(vec)@.subrange(0, new_len as int), new_len > old(vec)@.len() ==> vec_resize_with_result(old(vec)@, new_len, f, final(vec)@),",vec_resize_with_result,alloc/src/vec/mod.rs:3182,"pub fn resize_with<F>(&mut self, new_len: usize, f: F) where F: FnMut() -> T,",medium: executable Verus assume_specification; feedback pipeline records honest determinism outcome,"FnMut/FnOnce or Clone effects are source-observable only through ordered callback traces, so the contract preserves relational outcomes rather than choosing one concrete callback result",verus-typecheck: pass; rc=0; command=/usr/bin/timeout 110s /home/chentianyu/nanvix-rust-std-spec-survey/verus/source/target-verus/release/verus verification/harnesses/vec_all_contracts_batch.rs --no-verify; harness=verification/harnesses/vec_all_contracts_batch.rs; stdout=verification/evidence/vec_all_contracts_batch.verus.stdout; stderr=verification/evidence/vec_all_contracts_batch.verus.stderr,"feedback-pipeline determinism: status=ok; R0=UNKNOWN; r0_z3=unknown; classification=ok_inconclusive; unknown_reason=callback-trace-boundary; unknown_review_reason=FnMut/FnOnce or Clone effects are modeled by ordered source callback traces, preserving relational outcomes.; verus_rc=1; evidence=verification/evidence/vec_feedback_determinism/all-20260811T1447Z-module-first/alloc__vec__Vec__resize_with/result.json; synthetic=verification/evidence/vec_feedback_determinism/all-20260811T1447Z-module-first/alloc__vec__Vec__resize_with/synthetic_spec.rs; harness=verification/evidence/vec_feedback_determinism/all-20260811T1447Z-module-first/alloc__vec__Vec__resize_with/det_harness.rs",target alloc::vec::Vec::resize_with bound from inventory at alloc/src/vec/mod.rs:3182,signature mirrored from inventory row and copied Rust 1.96 source declaration,<F>; where F: FnMut() -> T,Generated executable Vec assume_specification; feedback-pipeline determinism result recorded honestly.
alloc::vec::Vec::retain,vec-callback-trace-mutation,generated-new-real-relation-spec,"pub assume_specification<T, A: core::alloc::Allocator, F: core::ops::FnMut(&T) -> bool>[ Vec::<T, A>::retain::<F> ]( vec: &mut Vec<T, A>, f: F, ) ensures vec_retain_result(old(vec)@, f, final(vec)@), ;",none beyond documented Rust panic/unsafe domains,"vec_retain_result(old(vec)@, f, final(vec)@),",vec_retain_result,alloc/src/vec/mod.rs:2488,"pub fn retain<F>(&mut self, mut f: F) where F: FnMut(&T) -> bool,",medium: executable Verus assume_specification; feedback pipeline records honest determinism outcome,"FnMut/FnOnce or Clone effects are source-observable only through ordered callback traces, so the contract preserves relational outcomes rather than choosing one concrete callback result",verus-typecheck: pass; rc=0; command=/usr/bin/timeout 110s /home/chentianyu/nanvix-rust-std-spec-survey/verus/source/target-verus/release/verus verification/harnesses/vec_all_contracts_batch.rs --no-verify; harness=verification/harnesses/vec_all_contracts_batch.rs; stdout=verification/evidence/vec_all_contracts_batch.verus.stdout; stderr=verification/evidence/vec_all_contracts_batch.verus.stderr,"feedback-pipeline determinism: status=ok; R0=UNKNOWN; r0_z3=unknown; classification=ok_inconclusive; unknown_reason=callback-trace-boundary; unknown_review_reason=FnMut/FnOnce or Clone effects are modeled by ordered source callback traces, preserving relational outcomes.; verus_rc=1; evidence=verification/evidence/vec_feedback_determinism/all-20260811T1447Z-module-first/alloc__vec__Vec__retain/result.json; synthetic=verification/evidence/vec_feedback_determinism/all-20260811T1447Z-module-first/alloc__vec__Vec__retain/synthetic_spec.rs; harness=verification/evidence/vec_feedback_determinism/all-20260811T1447Z-module-first/alloc__vec__Vec__retain/det_harness.rs",target alloc::vec::Vec::retain bound from inventory at alloc/src/vec/mod.rs:2488,signature mirrored from inventory row and copied Rust 1.96 source declaration,<F>; where F: FnMut(&T) -> bool,Generated executable Vec assume_specification; feedback-pipeline determinism result recorded honestly.
alloc::vec::Vec::retain_mut,vec-callback-trace-mutation,generated-new-real-relation-spec,"pub assume_specification<T, A: core::alloc::Allocator, F: core::ops::FnMut(&mut T) -> bool>[ Vec::<T, A>::retain_mut::<F> ]( vec: &mut Vec<T, A>, f: F, ) ensures vec_retain_mut_result(old(vec)@, f, final(vec)@), ;",none beyond documented Rust panic/unsafe domains,"vec_retain_mut_result(old(vec)@, f, final(vec)@),",vec_retain_mut_result,alloc/src/vec/mod.rs:2514,"pub fn retain_mut<F>(&mut self, mut f: F) where F: FnMut(&mut T) -> bool,",medium: executable Verus assume_specification; feedback pipeline records honest determinism outcome,"FnMut/FnOnce or Clone effects are source-observable only through ordered callback traces, so the contract preserves relational outcomes rather than choosing one concrete callback result",verus-typecheck: pass; rc=0; command=/usr/bin/timeout 110s /home/chentianyu/nanvix-rust-std-spec-survey/verus/source/target-verus/release/verus verification/harnesses/vec_all_contracts_batch.rs --no-verify; harness=verification/harnesses/vec_all_contracts_batch.rs; stdout=verification/evidence/vec_all_contracts_batch.verus.stdout; stderr=verification/evidence/vec_all_contracts_batch.verus.stderr,"feedback-pipeline determinism: status=ok; R0=UNKNOWN; r0_z3=unknown; classification=ok_inconclusive; unknown_reason=callback-trace-boundary; unknown_review_reason=FnMut/FnOnce or Clone effects are modeled by ordered source callback traces, preserving relational outcomes.; verus_rc=1; evidence=verification/evidence/vec_feedback_determinism/all-20260811T1447Z-module-first/alloc__vec__Vec__retain_mut/result.json; synthetic=verification/evidence/vec_feedback_determinism/all-20260811T1447Z-module-first/alloc__vec__Vec__retain_mut/synthetic_spec.rs; harness=verification/evidence/vec_feedback_determinism/all-20260811T1447Z-module-first/alloc__vec__Vec__retain_mut/det_harness.rs",target alloc::vec::Vec::retain_mut bound from inventory at alloc/src/vec/mod.rs:2514,signature mirrored from inventory row and copied Rust 1.96 source declaration,<F>; where F: FnMut(&mut T) -> bool,Generated executable Vec assume_specification; feedback-pipeline determinism result recorded honestly.
alloc::vec::Vec::set_len,vec-raw-parts-pointer-provenance,generated-new-real-relation-spec,"pub assume_specification<T, A: core::alloc::Allocator>[ Vec::<T, A>::set_len ]( vec: &mut Vec<T, A>, new_len: usize, ) requires vec_set_len_domain(old(vec)@, old(vec).spec_capacity(), new_len), ensures final(vec)@.len() == new_len, vec_set_len_result(old(vec)@, old(vec).spec_capacity(), new_len, final(vec)@), ;",see executable declaration,"final(vec)@.len() == new_len, vec_set_len_result(old(vec)@, old(vec).spec_capacity(), new_len, final(vec)@),",CapacitySpec::spec_capacity;vec_set_len_domain;vec_set_len_result,alloc/src/vec/mod.rs:2224,"pub unsafe fn set_len(&mut self, new_len: usize)",medium: executable Verus assume_specification; feedback pipeline records honest determinism outcome,"pointer address, provenance, allocation layout, and initialized raw storage state are source-observable but not uniquely determined by the pure Vec Seq view",verus-typecheck: pass; rc=0; command=/usr/bin/timeout 110s /home/chentianyu/nanvix-rust-std-spec-survey/verus/source/target-verus/release/verus verification/harnesses/vec_all_contracts_batch.rs --no-verify; harness=verification/harnesses/vec_all_contracts_batch.rs; stdout=verification/evidence/vec_all_contracts_batch.verus.stdout; stderr=verification/evidence/vec_all_contracts_batch.verus.stderr,"feedback-pipeline determinism: status=ok; R0=UNKNOWN; r0_z3=unknown; classification=ok_inconclusive; unknown_reason=raw-pointer-provenance-boundary; unknown_review_reason=Pointer address, provenance, and allocation layout are not uniquely recoverable from the Vec Seq view.; verus_rc=1; evidence=verification/evidence/vec_feedback_determinism/all-20260811T1447Z-module-first/alloc__vec__Vec__set_len/result.json; synthetic=verification/evidence/vec_feedback_determinism/all-20260811T1447Z-module-first/alloc__vec__Vec__set_len/synthetic_spec.rs; harness=verification/evidence/vec_feedback_determinism/all-20260811T1447Z-module-first/alloc__vec__Vec__set_len/det_harness.rs",target alloc::vec::Vec::set_len bound from inventory at alloc/src/vec/mod.rs:2224,signature mirrored from inventory row and copied Rust 1.96 source declaration,none,Generated executable Vec assume_specification; feedback-pipeline determinism result recorded honestly.
alloc::vec::Vec::shrink_to,vec-capacity-allocation-state,existing-vstd,"pub assume_specification<T, A: core::alloc::Allocator>[ Vec::<T, A>::shrink_to ]( v: &mut Vec<T, A>, min_capacity: usize, ) ensures final(v)@ == old(v)@, final(v).spec_capacity() >= old(v)@.len(), final(v).spec_capacity() <= old(v).spec_capacity(), ;",none beyond documented Rust panic/unsafe domains,"final(v)@ == old(v)@, final(v).spec_capacity() >= old(v)@.len(), final(v).spec_capacity() <= old(v).spec_capacity(),",CapacitySpec::spec_capacity,alloc/src/vec/mod.rs:1631,"pub fn shrink_to(&mut self, min_capacity: usize)",exact-existing-vstd baseline; copied declaration integrated verbatim where applicable,none beyond copied vstd abstraction boundaries,static-contract-shape-check: passed; exact copied vstd baseline is typechecked by vstd and is not redeclared in the local generated harness,exact-existing-vstd baseline row; determinism not rerun for copied vstd subtraction,target alloc::vec::Vec::shrink_to bound from inventory at alloc/src/vec/mod.rs:1631,signature mirrored from inventory row and copied Rust 1.96 source declaration,none,Exact copied vstd contract integrated in specs/existing_vstd_vec_specs.rs and specs/all_vec_specs.rs.
alloc::vec::Vec::shrink_to_fit,vec-capacity-allocation-state,existing-vstd,"pub assume_specification<T, A: core::alloc::Allocator>[ Vec::<T, A>::shrink_to_fit ]( v: &mut Vec<T, A>, ) ensures final(v)@ == old(v)@, final(v).spec_capacity() >= old(v)@.len(), final(v).spec_capacity() <= old(v).spec_capacity(), ;",none beyond documented Rust panic/unsafe domains,"final(v)@ == old(v)@, final(v).spec_capacity() >= old(v)@.len(), final(v).spec_capacity() <= old(v).spec_capacity(),",CapacitySpec::spec_capacity,alloc/src/vec/mod.rs:1602,pub fn shrink_to_fit(&mut self),exact-existing-vstd baseline; copied declaration integrated verbatim where applicable,none beyond copied vstd abstraction boundaries,static-contract-shape-check: passed; exact copied vstd baseline is typechecked by vstd and is not redeclared in the local generated harness,exact-existing-vstd baseline row; determinism not rerun for copied vstd subtraction,target alloc::vec::Vec::shrink_to_fit bound from inventory at alloc/src/vec/mod.rs:1602,signature mirrored from inventory row and copied Rust 1.96 source declaration,none,Exact copied vstd contract integrated in specs/existing_vstd_vec_specs.rs and specs/all_vec_specs.rs.
alloc::vec::Vec::spare_capacity_mut,vec-spare-capacity-maybeuninit-storage,generated-new-real-relation-spec,"pub assume_specification<T, A: core::alloc::Allocator>[ Vec::<T, A>::spare_capacity_mut ]( vec: &mut Vec<T, A>, ) -> (ret: &mut [core::mem::MaybeUninit<T>]) ensures ret@.len() + old(vec)@.len() == old(vec).spec_capacity(), vec_spare_capacity_relation(old(vec)@, old(vec).spec_capacity(), ret@), final(vec)@ == old(vec)@, ;",none beyond documented Rust panic/unsafe domains,"ret@.len() + old(vec)@.len() == old(vec).spec_capacity(), vec_spare_capacity_relation(old(vec)@, old(vec).spec_capacity(), ret@), final(vec)@ == old(vec)@,",CapacitySpec::spec_capacity;vec_spare_capacity_relation,alloc/src/vec/mod.rs:3262,pub fn spare_capacity_mut(&mut self) -> &mut [MaybeUninit<T>],medium: executable Verus assume_specification; feedback pipeline records honest determinism outcome,spare MaybeUninit storage is modeled as raw storage adjacent to the initialized prefix and cannot be collapsed to a unique initialized value sequence,verus-typecheck: pass; rc=0; command=/usr/bin/timeout 110s /home/chentianyu/nanvix-rust-std-spec-survey/verus/source/target-verus/release/verus verification/harnesses/vec_all_contracts_batch.rs --no-verify; harness=verification/harnesses/vec_all_contracts_batch.rs; stdout=verification/evidence/vec_all_contracts_batch.verus.stdout; stderr=verification/evidence/vec_all_contracts_batch.verus.stderr,feedback-pipeline determinism: status=unsupported_mut_ref_return; R0=unsupported; evidence=verification/evidence/vec_feedback_determinism/all-20260811T1447Z-module-first/alloc__vec__Vec__spare_capacity_mut/result.json; synthetic=verification/evidence/vec_feedback_determinism/all-20260811T1447Z-module-first/alloc__vec__Vec__spare_capacity_mut/synthetic_spec.rs; harness=verification/evidence/vec_feedback_determinism/all-20260811T1447Z-module-first/alloc__vec__Vec__spare_capacity_mut/det_harness.rs,target alloc::vec::Vec::spare_capacity_mut bound from inventory at alloc/src/vec/mod.rs:3262,signature mirrored from inventory row and copied Rust 1.96 source declaration,none,Generated executable Vec assume_specification; feedback-pipeline determinism result recorded honestly.
alloc::vec::Vec::splice,vec-iterator-adaptor-state,justified-no-spec,"justified-no-spec: pub assume_specification<T, A: core::alloc::Allocator, R: core::ops::RangeBounds<usize>, I: core::iter::IntoIterator<Item = T>>[ Vec::<T, A>::splice::<R, I> ](...) -> (splice: Splice<'_, I::IntoIter, A>)",none beyond documented Rust panic/unsafe domains,justified no-spec record,vec_range_bounds_valid;vec_range_start;vec_range_end,alloc/src/vec/mod.rs:4141,"pub fn splice<R, I>(&mut self, range: R, replace_with: I) -> Splice<'_, I::IntoIter, A> where R: RangeBounds<usize>, I: IntoIterator<Item = T>,",justified-no-spec: exact executable declaration blocked by Verus associated-type support,"Exact executable signature requires `Splice<'_, I::IntoIter, A>` for `I: IntoIterator<Item = T>`. Verus reports that it does not recognize the associated type `IntoIterator::IntoIter` for this external trait, so an exact executable assume_specification cannot be typechecked without narrowing the Rust API to `I: Iterator`, which would be a source-shape mismatch.",not-run: exact executable declaration rejected before typecheck completion; see catalog/vec_justified_no_spec_records.json,not-run: justified-no-spec row has no executable candidate,target alloc::vec::Vec::splice bound from inventory at alloc/src/vec/mod.rs:4141,signature mirrored from inventory row and copied Rust 1.96 source declaration,"<R, I>; where R: RangeBounds<usize>, I: IntoIterator<Item = T>","Exact executable signature requires `Splice<'_, I::IntoIter, A>` for `I: IntoIterator<Item = T>`. Verus reports that it does not recognize the associated type `IntoIterator::IntoIter` for this external trait, so an exact executable assume_specification cannot be typechecked without narrowing the Rust API to `I: Iterator`, which would be a source-shape mismatch. rust-alloc-vec/vec/mod.rs:4045-4097 constructs `Splice { drain: self.drain(range), replace_with: replace_with.into_iter() }`; rust-alloc-vec/vec/splice.rs:54-97 documents drop-time draining, replacement, and tail movement."
alloc::vec::Vec::split_off,vec-sequence-mutation,existing-vstd,"pub assume_specification<T, A: core::alloc::Allocator + core::clone::Clone>[ Vec::<T, A>::split_off ]( vec: &mut Vec<T, A>, at: usize, ) -> (return_value: Vec<T, A>) requires at <= old(vec)@.len(), ensures final(vec)@ == old(vec)@.subrange(0, at as int), return_value@ == old(vec)@.subrange(at as int, old(vec)@.len() as int), ;",see executable declaration,"final(vec)@ == old(vec)@.subrange(0, at as int), return_value@ == old(vec)@.subrange(at as int, old(vec)@.len() as int),",preserve exact copied vstd Seq/View/capacity contract and target binding,alloc/src/vec/mod.rs:3121,"pub fn split_off(&mut self, at: usize) -> Self where A: Clone,",exact-existing-vstd baseline; copied declaration integrated verbatim where applicable,none beyond copied vstd abstraction boundaries,static-contract-shape-check: passed; exact copied vstd baseline is typechecked by vstd and is not redeclared in the local generated harness,exact-existing-vstd baseline row; determinism not rerun for copied vstd subtraction,target alloc::vec::Vec::split_off bound from inventory at alloc/src/vec/mod.rs:3121,signature mirrored from inventory row and copied Rust 1.96 source declaration,where A: Clone,Exact copied vstd contract integrated in specs/existing_vstd_vec_specs.rs and specs/all_vec_specs.rs.
alloc::vec::Vec::swap_remove,vec-sequence-mutation,existing-vstd,"pub assume_specification<T, A: core::alloc::Allocator>[ Vec::<T, A>::swap_remove ]( vec: &mut Vec<T, A>, i: usize, ) -> (element: T) requires i < old(vec).len(), ensures element == old(vec)[i as int], final(vec)@ == old(vec)@.update(i as int, old(vec)@.last()).drop_last(), ;",see executable declaration,"element == old(vec)[i as int], final(vec)@ == old(vec)@.update(i as int, old(vec)@.last()).drop_last(),",preserve exact copied vstd Seq/View/capacity contract and target binding,alloc/src/vec/mod.rs:2260,"pub fn swap_remove(&mut self, index: usize) -> T",exact-existing-vstd baseline; copied declaration integrated verbatim where applicable,none beyond copied vstd abstraction boundaries,static-contract-shape-check: passed; exact copied vstd baseline is typechecked by vstd and is not redeclared in the local generated harness,exact-existing-vstd baseline row; determinism not rerun for copied vstd subtraction,target alloc::vec::Vec::swap_remove bound from inventory at alloc/src/vec/mod.rs:2260,signature mirrored from inventory row and copied Rust 1.96 source declaration,none,Exact copied vstd contract integrated in specs/existing_vstd_vec_specs.rs and specs/all_vec_specs.rs.
alloc::vec::Vec::truncate,vec-sequence-mutation,existing-vstd,"pub assume_specification<T, A: core::alloc::Allocator>[ Vec::<T, A>::truncate ]( vec: &mut Vec<T, A>, len: usize, ) ensures len <= old(vec).len() ==> final(vec)@ == old(vec)@.subrange(0, len as int), len > old(vec).len() ==> final(vec)@ == old(vec)@, ;",none beyond documented Rust panic/unsafe domains,"len <= old(vec).len() ==> final(vec)@ == old(vec)@.subrange(0, len as int), len > old(vec).len() ==> final(vec)@ == old(vec)@,",preserve exact copied vstd Seq/View/capacity contract and target binding,alloc/src/vec/mod.rs:1816,"pub fn truncate(&mut self, len: usize)",exact-existing-vstd baseline; copied declaration integrated verbatim where applicable,none beyond copied vstd abstraction boundaries,static-contract-shape-check: passed; exact copied vstd baseline is typechecked by vstd and is not redeclared in the local generated harness,exact-existing-vstd baseline row; determinism not rerun for copied vstd subtraction,target alloc::vec::Vec::truncate bound from inventory at alloc/src/vec/mod.rs:1816,signature mirrored from inventory row and copied Rust 1.96 source declaration,none,Exact copied vstd contract integrated in specs/existing_vstd_vec_specs.rs and specs/all_vec_specs.rs.
alloc::vec::Vec::try_reserve,vec-capacity-allocation-state,existing-vstd,"pub assume_specification<T, A: core::alloc::Allocator>[ Vec::<T, A>::try_reserve ]( vec: &mut Vec<T, A>, additional: usize, ) -> (result: Result<(), TryReserveError>) ensures final(vec)@ == old(vec)@, ;",none beyond documented Rust panic/unsafe domains,"final(vec)@ == old(vec)@,",preserve exact copied vstd Seq/View/capacity contract and target binding,alloc/src/vec/mod.rs:1535,"pub fn try_reserve(&mut self, additional: usize) -> Result<(), TryReserveError>",exact-existing-vstd baseline; copied declaration integrated verbatim where applicable,none beyond copied vstd abstraction boundaries,static-contract-shape-check: passed; exact copied vstd baseline is typechecked by vstd and is not redeclared in the local generated harness,exact-existing-vstd baseline row; determinism not rerun for copied vstd subtraction,target alloc::vec::Vec::try_reserve bound from inventory at alloc/src/vec/mod.rs:1535,signature mirrored from inventory row and copied Rust 1.96 source declaration,none,Exact copied vstd contract integrated in specs/existing_vstd_vec_specs.rs and specs/all_vec_specs.rs.
alloc::vec::Vec::try_reserve_exact,vec-capacity-allocation-state,existing-vstd,"pub assume_specification<T, A: core::alloc::Allocator>[ Vec::<T, A>::try_reserve_exact ]( v: &mut Vec<T, A>, additional: usize, ) -> (result: Result<(), TryReserveError>) ensures final(v)@ == old(v)@, result is Ok ==> final(v).spec_capacity() >= old(v)@.len() + additional as nat, ;",none beyond documented Rust panic/unsafe domains,"final(v)@ == old(v)@, result is Ok ==> final(v).spec_capacity() >= old(v)@.len() + additional as nat,",CapacitySpec::spec_capacity,alloc/src/vec/mod.rs:1578,"pub fn try_reserve_exact(&mut self, additional: usize) -> Result<(), TryReserveError>",exact-existing-vstd baseline; copied declaration integrated verbatim where applicable,none beyond copied vstd abstraction boundaries,static-contract-shape-check: passed; exact copied vstd baseline is typechecked by vstd and is not redeclared in the local generated harness,exact-existing-vstd baseline row; determinism not rerun for copied vstd subtraction,target alloc::vec::Vec::try_reserve_exact bound from inventory at alloc/src/vec/mod.rs:1578,signature mirrored from inventory row and copied Rust 1.96 source declaration,none,Exact copied vstd contract integrated in specs/existing_vstd_vec_specs.rs and specs/all_vec_specs.rs.
alloc::vec::Vec::with_capacity,vec-capacity-allocation-state,existing-vstd,"pub assume_specification<T>[ Vec::<T>::with_capacity ](capacity: usize) -> (v: Vec<T>) ensures v@ == Seq::<T>::empty(), ;",none beyond documented Rust panic/unsafe domains,"v@ == Seq::<T>::empty(),",preserve exact copied vstd Seq/View/capacity contract and target binding,alloc/src/vec/mod.rs:521,pub const fn with_capacity(capacity: usize) -> Self,exact-existing-vstd baseline; copied declaration integrated verbatim where applicable,none beyond copied vstd abstraction boundaries,static-contract-shape-check: passed; exact copied vstd baseline is typechecked by vstd and is not redeclared in the local generated harness,exact-existing-vstd baseline row; determinism not rerun for copied vstd subtraction,target alloc::vec::Vec::with_capacity bound from inventory at alloc/src/vec/mod.rs:521,signature mirrored from inventory row and copied Rust 1.96 source declaration,none,Exact copied vstd contract integrated in specs/existing_vstd_vec_specs.rs and specs/all_vec_specs.rs.
