input_order,target,semantic_family,active_contract_sha256,baseline_exact_output_determinism_status,effective_exact_output_determinism_status,baseline_completeness_modulo_reviewed_equivalence_status,effective_completeness_modulo_reviewed_equivalence_status,classification_source_kind,model_id,addendum_path,result_manifest_path,accepting_review_path,exact_obligation_path,full_obligation_path,nonvacuity_path
8,core::slice::align_to,raw-pointer-and-provenance,ecdec7dc102f8a00f610ae369191cf306fabe2a435b651d7cc69d2775d75e321,conditional-complete,conditional-complete,conditional-complete,conditional-complete,certified-baseline,,,evidence/targets/008_core_slice_align_to/result.json,review/REVIEW_ACCEPTANCE_20260901T145107Z.md,,,
9,core::slice::align_to_mut,raw-pointer-and-provenance,d3f3080fe88dd4be74e095f3d06df2b686c52dd000e8bba962feaa71695cd330,conditional-complete,conditional-complete,conditional-incomplete,conditional-incomplete,certified-baseline,,,evidence/targets/009_core_slice_align_to_mut/result.json,review/REVIEW_ACCEPTANCE_20260901T145107Z.md,,,
12,core::slice::as_chunks,iterator-splitting-and-chunking,9d7c778009f44f0fd043dfc0e22215c99b3c90dde9ed5434c911087402bbe05f,conditional-complete,conditional-complete,conditional-complete,conditional-complete,certified-baseline,,,evidence/targets/012_core_slice_as_chunks/result.json,review/REVIEW_ACCEPTANCE_20260831T192724Z.md,,,
13,core::slice::as_chunks_mut,iterator-splitting-and-chunking,669f8bbc7a27aa64da763386dccd397f1d7e81db22ef7b672e71a40b69ff5e7c,conditional-complete,conditional-complete,conditional-incomplete,conditional-incomplete,certified-baseline,,,evidence/targets/013_core_slice_as_chunks_mut/result.json,review/REVIEW_ACCEPTANCE_20260831T114621Z.md,,,
14,core::slice::as_chunks_unchecked,iterator-splitting-and-chunking,a2a5116af11a32d4169f8b90ce1a319e948a4705e36b8a2c171f6a8191655b66,conditional-complete,conditional-complete,conditional-complete,conditional-complete,certified-baseline,,,evidence/targets/014_core_slice_as_chunks_unchecked/result.json,review/REVIEW_ACCEPTANCE_20260831T192724Z.md,,,
15,core::slice::as_chunks_unchecked_mut,iterator-splitting-and-chunking,c7cdf29658c01698013e14c2ab14e93699f855167a15eb4e3d697742a7d40c9a,conditional-complete,conditional-complete,conditional-incomplete,conditional-incomplete,certified-baseline,,,evidence/targets/015_core_slice_as_chunks_unchecked_mut/result.json,review/REVIEW_ACCEPTANCE_20260831T192724Z.md,,,
17,core::slice::as_flattened_mut,views-and-fixed-subranges,a5ef69f84bb6df4db9de0ae1fa18a85f58543273066f89266651e0d57090e756,conditional-complete,conditional-complete,conditional-incomplete,conditional-incomplete,certified-baseline,,,evidence/targets/017_core_slice_as_flattened_mut/result.json,review/REVIEW_ACCEPTANCE_20260901T135004Z.md,,,
18,core::slice::as_mut_array,views-and-fixed-subranges,1ac5b31b2e71effad4bc9503263318d0fe4c53b2aff998e13f2fe9faccab72c4,conditional-complete,conditional-complete,conditional-incomplete,conditional-incomplete,certified-baseline,,,evidence/targets/018_core_slice_as_mut_array/result.json,review/REVIEW_ACCEPTANCE_20260901T135004Z.md,,,
19,core::slice::as_mut_ptr,raw-pointer-and-provenance,840c4efc8976016ca0b1c8728d1cabb13529c6e83939e8ca3cbc31232ba6a14a,conditional-complete,conditional-complete,conditional-complete,conditional-complete,certified-baseline,,,evidence/targets/019_core_slice_as_mut_ptr/result.json,review/REVIEW_ACCEPTANCE_20260831T173550Z.md,,,
20,core::slice::as_mut_ptr_range,raw-pointer-and-provenance,0d55922a668ea2e52e07ca14a1146f6ff2d0c9a9d68d9369ff4171f9a6d574c1,conditional-complete,conditional-complete,conditional-complete,conditional-complete,certified-baseline,,,evidence/targets/020_core_slice_as_mut_ptr_range/result.json,review/REVIEW_ACCEPTANCE_20260831T173550Z.md,,,
21,core::slice::as_ptr,raw-pointer-and-provenance,52c2a91bc8c7e49cd77d4429bb2b2a6e50a788211f2abca511f4df650f1a5edc,conditional-complete,conditional-complete,conditional-complete,conditional-complete,certified-baseline,,,evidence/targets/021_core_slice_as_ptr/result.json,review/REVIEW_ACCEPTANCE_20260831T173550Z.md,,,
22,core::slice::as_ptr_range,raw-pointer-and-provenance,2bb2f31be87ccb793fb77b630b4b57ca59c5d534fd90d38b858122dee6212434,conditional-complete,conditional-complete,conditional-complete,conditional-complete,certified-baseline,,,evidence/targets/022_core_slice_as_ptr_range/result.json,review/REVIEW_ACCEPTANCE_20260831T133819Z.md,,,
23,core::slice::as_rchunks,iterator-splitting-and-chunking,1b3b024fdbd8f22771d68cefc3082062544ac60b7d7ac07fda1c14cab04ab3ca,conditional-complete,conditional-complete,conditional-complete,conditional-complete,certified-baseline,,,evidence/targets/023_core_slice_as_rchunks/result.json,review/REVIEW_ACCEPTANCE_20260831T192724Z.md,,,
24,core::slice::as_rchunks_mut,iterator-splitting-and-chunking,f7f4347b6b668b99b56a86daa936797fae5b45f6ffc22dbacc872c1be89b2dde,conditional-complete,conditional-complete,conditional-incomplete,conditional-incomplete,certified-baseline,,,evidence/targets/024_core_slice_as_rchunks_mut/result.json,review/REVIEW_ACCEPTANCE_20260831T192724Z.md,,,
25,core::slice::assume_init_drop,maybe-uninit-slice-storage,ec9d059a1f66ae03009745a3d37edfc5306f2c23387856ea9aa3f52cfff09efe,conditional-complete,conditional-complete,conditional-complete,conditional-complete,certified-baseline,,,evidence/targets/025_core_slice_assume_init_drop/result.json,review/REVIEW_ACCEPTANCE_20260831T205556Z.md,,,
26,core::slice::assume_init_mut,maybe-uninit-slice-storage,8d0e90b87ee12383ef38b353ff71f43a4136f565d0ae0f63651ee295c06f649a,conditional-complete,conditional-complete,conditional-incomplete,conditional-incomplete,certified-baseline,,,evidence/targets/026_core_slice_assume_init_mut/result.json,review/REVIEW_ACCEPTANCE_20260831T205556Z.md,,,
28,core::slice::binary_search,search-prefix-suffix-ordering,27d8e9d741e10e00091ad567844c0aca7d8bd48425cd705dfcf7173e0c973975,conditional-incomplete,conditional-incomplete,conditional-incomplete,conditional-incomplete,certified-baseline,,,evidence/targets/028_core_slice_binary_search/result.json,review/REVIEW_ACCEPTANCE_20260831T184122Z.md,,,
29,core::slice::binary_search_by,search-prefix-suffix-ordering,bbea7d2146da8d9116c68e9603460103ed4f7322c785180266a17b23b06c0f6b,conditional-incomplete,conditional-incomplete,conditional-incomplete,conditional-incomplete,certified-baseline,,,evidence/targets/029_core_slice_binary_search_by/result.json,review/REVIEW_ACCEPTANCE_20260831T110316Z.md,,,
30,core::slice::binary_search_by_key,search-prefix-suffix-ordering,613ffeb61ff37d877cf411db0ed8f76bcb2a93646330438d2a55cfb46e1a5ce5,conditional-incomplete,conditional-incomplete,conditional-incomplete,conditional-incomplete,certified-baseline,,,evidence/targets/030_core_slice_binary_search_by_key/result.json,review/REVIEW_ACCEPTANCE_20260831T184122Z.md,,,
32,core::slice::chunk_by_mut,iterator-splitting-and-chunking,f4d113c638ecee678916c7446e3e173c3e3b16486104fea5a2d623e9cd82646a,conditional-complete,conditional-complete,conditional-complete,conditional-complete,certified-baseline,,,evidence/targets/032_core_slice_chunk_by_mut/result.json,review/REVIEW_ACCEPTANCE_20260901T024835Z.md,,,
35,core::slice::chunks_exact_mut,iterator-splitting-and-chunking,c4e09211e598b511902feb1f0fd0207e386dd8e7077da17462c9ba20c1944c68,conditional-complete,conditional-complete,conditional-complete,conditional-complete,certified-baseline,,,evidence/targets/035_core_slice_chunks_exact_mut/result.json,review/REVIEW_ACCEPTANCE_20260901T055412Z.md,,,
36,core::slice::chunks_mut,iterator-splitting-and-chunking,2dab70b28fb6d950965db60214651aa3ebdd8bcdd55acbc04be541086ac2d091,conditional-complete,conditional-complete,conditional-complete,conditional-complete,certified-baseline,,,evidence/targets/036_core_slice_chunks_mut/result.json,review/REVIEW_ACCEPTANCE_20260901T024835Z.md,,,
37,core::slice::clone_from_slice,mutation-frame-and-permutation,a0fab9b11562f51ba66aa30d496a750f79f0e0b691e4d3e75051a847547033f5,conditional-complete,conditional-complete,conditional-complete,conditional-complete,certified-baseline,,,evidence/targets/037_core_slice_clone_from_slice/result.json,review/REVIEW_ACCEPTANCE_20260901T050359Z.md,,,
39,core::slice::element_offset,raw-pointer-and-provenance,6cb1971fc22b193456b858636b8e9d6ed1874cc9b7b9352f94eea2cf2a66960b,conditional-complete,conditional-complete,conditional-complete,conditional-complete,certified-baseline,,,evidence/targets/039_core_slice_element_offset/result.json,review/REVIEW_ACCEPTANCE_20260901T121316Z.md,,,
43,core::slice::fill,mutation-frame-and-permutation,7772c35bc8a2e714a53e79384d43b99e96daae6650124087e508e2542ceb3f38,conditional-complete,conditional-complete,conditional-complete,conditional-complete,certified-baseline,,,evidence/targets/043_core_slice_fill/result.json,review/REVIEW_ACCEPTANCE_20260901T050359Z.md,,,
46,core::slice::first_chunk_mut,iterator-splitting-and-chunking,d8923bf81d0b7f8ad6deaa97aafdc3660f245da6e77099ad672c98478c31ed55,conditional-complete,conditional-complete,conditional-incomplete,conditional-incomplete,certified-baseline,,,evidence/targets/046_core_slice_first_chunk_mut/result.json,review/REVIEW_ACCEPTANCE_20260901T135004Z.md,,,
47,core::slice::from_mut,raw-pointer-and-provenance,80ebb45d323e9d8d8aed367f6a62490611719746be7d20704ab6df5d59a5d4a7,conditional-complete,conditional-complete,conditional-incomplete,conditional-incomplete,certified-baseline,,,evidence/targets/047_core_slice_from_mut/result.json,review/REVIEW_ACCEPTANCE_20260901T135004Z.md,,,
48,core::slice::from_raw_parts,raw-pointer-and-provenance,73ec9d9cba07629dcf152cde202578a52cea87134075f0568244d747a3183769,conditional-complete,conditional-complete,conditional-complete,conditional-complete,certified-baseline,,,evidence/targets/048_core_slice_from_raw_parts/result.json,review/REVIEW_ACCEPTANCE_20260901T102036Z.md,,,
49,core::slice::from_raw_parts_mut,raw-pointer-and-provenance,47e90942a15f2cdb0e6584968eedeeb627353ed37da324f1af080c3917f0dc40,conditional-complete,conditional-complete,conditional-incomplete,conditional-incomplete,certified-baseline,,,evidence/targets/049_core_slice_from_raw_parts_mut/result.json,review/REVIEW_ACCEPTANCE_20260901T102036Z.md,,,
51,core::slice::get_disjoint_mut,mutation-frame-and-permutation,65402a0e5a620790d6f1413ab49efa952f05d939b14bf1066e92da32f7cd548a,conditional-incomplete,conditional-incomplete,conditional-incomplete,conditional-incomplete,certified-baseline,,,evidence/targets/051_core_slice_get_disjoint_mut/result.json,review/REVIEW_ACCEPTANCE_20260831T150040Z.md,,,
52,core::slice::get_disjoint_unchecked_mut,mutation-frame-and-permutation,98e2ff139533e1b36cd1ecef3a408b5045f5780bf76ff9a04f2b8f34879e368b,conditional-incomplete,conditional-incomplete,conditional-incomplete,conditional-incomplete,certified-baseline,,,evidence/targets/052_core_slice_get_disjoint_unchecked_mut/result.json,review/REVIEW_ACCEPTANCE_20260831T153731Z.md,,,
53,core::slice::get_mut,basic-observation-and-conversion,87a9796fc553d16e3e75cfe5ea9196e6482c5088d278a2f10112c31107e74f9c,conditional-incomplete,conditional-incomplete,conditional-incomplete,conditional-incomplete,certified-baseline,,,evidence/targets/053_core_slice_get_mut/result.json,review/REVIEW_ACCEPTANCE_20260901T111757Z.md,,,
54,core::slice::get_unchecked,raw-pointer-and-provenance,71eedef5ee0aa574329fe132e65757563db0764095f5cc5dbdf2911acc0b4aad,conditional-complete,conditional-complete,conditional-complete,conditional-complete,certified-baseline,,,evidence/targets/054_core_slice_get_unchecked/result.json,review/REVIEW_ACCEPTANCE_20260901T111757Z.md,,,
55,core::slice::get_unchecked_mut,raw-pointer-and-provenance,ec6f48bf7b072e49afdad4bacb69dc2288ec2047621c339df4614e01b612903f,conditional-incomplete,conditional-incomplete,conditional-incomplete,conditional-incomplete,certified-baseline,,,evidence/targets/055_core_slice_get_unchecked_mut/result.json,review/REVIEW_ACCEPTANCE_20260901T111757Z.md,,,
62,core::slice::last_chunk_mut,iterator-splitting-and-chunking,32a4497f959b05a42448f7ea2a070f4e3635c1b46d5c08628772d7601f9f9e57,conditional-complete,conditional-complete,conditional-complete,conditional-complete,certified-baseline,,,evidence/targets/062_core_slice_last_chunk_mut/result.json,review/REVIEW_ACCEPTANCE_20260901T064245Z.md,,,
65,core::slice::partition_point,search-prefix-suffix-ordering,f28650f03f1c7e571f308b88c4dea8453057ce7b4b33946af0745ae5517fd695,conditional-incomplete,conditional-incomplete,conditional-incomplete,conditional-incomplete,certified-baseline,,,evidence/targets/065_core_slice_partition_point/result.json,review/REVIEW_ACCEPTANCE_20260831T184122Z.md,,,
68,core::slice::rchunks_exact_mut,iterator-splitting-and-chunking,64f0260c2044e5b2b440a7c66eb354d3685862070f8ad8979838a571fbe47afe,conditional-complete,conditional-complete,conditional-complete,conditional-complete,certified-baseline,,,evidence/targets/068_core_slice_rchunks_exact_mut/result.json,review/REVIEW_ACCEPTANCE_20260901T055412Z.md,,,
69,core::slice::rchunks_mut,iterator-splitting-and-chunking,d486130bfa74afb7939ee7ea71e97c4eeda6d17e9c9ded51d0a48b9aff81736c,conditional-complete,conditional-complete,conditional-complete,conditional-complete,certified-baseline,,,evidence/targets/069_core_slice_rchunks_mut/result.json,review/REVIEW_ACCEPTANCE_20260901T024835Z.md,,,
74,core::slice::rsplit_mut,iterator-splitting-and-chunking,949691a0b75b3e64a19af9ef95077e0bbdd4530b19a01d6742a38be652431148,conditional-complete,conditional-complete,conditional-complete,conditional-complete,certified-baseline,,,evidence/targets/074_core_slice_rsplit_mut/result.json,review/REVIEW_ACCEPTANCE_20260901T024835Z.md,,,
76,core::slice::rsplitn_mut,iterator-splitting-and-chunking,c7b8151e61d9ad4d7b0ba9c3669fcee75ca3acc98ea2741f3b162df19efe113f,conditional-complete,conditional-complete,conditional-complete,conditional-complete,certified-baseline,,,evidence/targets/076_core_slice_rsplitn_mut/result.json,review/REVIEW_ACCEPTANCE_20260901T024835Z.md,,,
77,core::slice::select_nth_unstable,sorting-and-selection,e570c36bf97546100d3408a95ea9c5f821ba0aed6ebe0e63ef6358d7d713fdaf,conditional-incomplete,conditional-incomplete,conditional-complete,conditional-complete,certified-baseline,,,evidence/targets/077_core_slice_select_nth_unstable/result.json,review/REVIEW_ACCEPTANCE_20260831T225709Z.md,,,
78,core::slice::select_nth_unstable_by,sorting-and-selection,8d197563a2e9735beef3c52ff46ea5d3dd44da47b48e3b199654cf3c667490d7,missing-source-backed-model,conditional-complete,missing-source-backed-model,conditional-complete,accepted-operational-v1-overlay,target-078-operational-v1-rust-1.96-complete,crosswalk/target_078_operational_v1_addendum.json,evidence/target_078_operational_v1/result.json,review/REVIEW_ADDENDUM_TARGET_078_OPERATIONAL_V1.md,evidence/target_078_operational_v1/exact_output_obligation.smt2,evidence/target_078_operational_v1/obligation.smt2,evidence/target_078_operational_v1/nonvacuity.smt2
79,core::slice::select_nth_unstable_by_key,sorting-and-selection,9366859a88badc5f8d8cdfb15fbc544ef81edb756429e14a887b1ce6c73e3e95,missing-source-backed-model,conditional-complete,missing-source-backed-model,conditional-complete,accepted-operational-v1-overlay,target-079-key-ord-drop-operational-v1-rust-1.96-complete,crosswalk/target_079_operational_v1_addendum.json,evidence/target_079_operational_v1/result.json,review/REVIEW_ADDENDUM_TARGET_079_OPERATIONAL_V1.md,evidence/target_079_operational_v1/exact_output_obligation.smt2,evidence/target_079_operational_v1/obligation.smt2,evidence/target_079_operational_v1/nonvacuity.smt2
80,core::slice::sort_unstable,sorting-and-selection,877e37bea31dc31a92b85282f1d2f633c20aeb5391a5f1f02821cbfa0a09dd4b,conditional-incomplete,conditional-incomplete,conditional-complete,conditional-complete,certified-baseline,,,evidence/targets/080_core_slice_sort_unstable/result.json,review/REVIEW_ACCEPTANCE_20260831T213648Z.md,,,
81,core::slice::sort_unstable_by,sorting-and-selection,420e250d3b0ae471b64eb3d6474588eaec8acfc7644b5c1dd4420e4c1b2c0597,conditional-incomplete,conditional-incomplete,conditional-incomplete,conditional-incomplete,certified-baseline,,,evidence/targets/081_core_slice_sort_unstable_by/result.json,review/REVIEW_ACCEPTANCE_20260831T125401Z.md,,,
82,core::slice::sort_unstable_by_key,sorting-and-selection,019252db65344fd8830ffbbd90d127355a93541c6fbfab3fde3e6b3abe16e8ae,conditional-incomplete,conditional-incomplete,conditional-complete,conditional-complete,certified-baseline,,,evidence/targets/082_core_slice_sort_unstable_by_key/result.json,review/REVIEW_ACCEPTANCE_20260831T213648Z.md,,,
85,core::slice::split_at_mut_checked,iterator-splitting-and-chunking,f545d70fd2f00566e6847d457980a532ef48cdc82fe2e12eba1be9ccff4aebd6,conditional-complete,conditional-complete,conditional-complete,conditional-complete,certified-baseline,,,evidence/targets/085_core_slice_split_at_mut_checked/result.json,review/REVIEW_ACCEPTANCE_20260901T072051Z.md,,,
86,core::slice::split_at_mut_unchecked,iterator-splitting-and-chunking,dfe96dd890e058e02f390e85bdfce250a48823c9e43c15ad599961b2f28f2da9,conditional-complete,conditional-complete,conditional-complete,conditional-complete,certified-baseline,,,evidence/targets/086_core_slice_split_at_mut_unchecked/result.json,review/REVIEW_ACCEPTANCE_20260901T072051Z.md,,,
90,core::slice::split_first_chunk_mut,iterator-splitting-and-chunking,eb599a67a0f7b786e404c9b3f97181b56e9b01bb82f3cc21822b93d2d46ab950,conditional-complete,conditional-complete,conditional-complete,conditional-complete,certified-baseline,,,evidence/targets/090_core_slice_split_first_chunk_mut/result.json,review/REVIEW_ACCEPTANCE_20260901T064245Z.md,,,
91,core::slice::split_first_mut,iterator-splitting-and-chunking,ba139fadbde88d928fe18d330586ce8184d3de7a0d45938733e7231bd1320b11,conditional-complete,conditional-complete,conditional-complete,conditional-complete,certified-baseline,,,evidence/targets/091_core_slice_split_first_mut/result.json,review/REVIEW_ACCEPTANCE_20260901T034008Z.md,,,
93,core::slice::split_inclusive_mut,iterator-splitting-and-chunking,d0f84cc808519d278a4020ddeff02c6979d9d3e9e06d6880ec28c354d0e57fe5,conditional-complete,conditional-complete,conditional-complete,conditional-complete,certified-baseline,,,evidence/targets/093_core_slice_split_inclusive_mut/result.json,review/REVIEW_ACCEPTANCE_20260901T024835Z.md,,,
96,core::slice::split_last_chunk_mut,iterator-splitting-and-chunking,0c9131cd588a99217fc333ad32e54ac62deaf95cfc245fffb3523ba683296ce5,conditional-complete,conditional-complete,conditional-complete,conditional-complete,certified-baseline,,,evidence/targets/096_core_slice_split_last_chunk_mut/result.json,review/REVIEW_ACCEPTANCE_20260901T064245Z.md,,,
97,core::slice::split_last_mut,iterator-splitting-and-chunking,3039d0b8c54beb0cb99102305eb5e9b69b95dbbfd6839f26a149c9198ca962d6,conditional-complete,conditional-complete,conditional-complete,conditional-complete,certified-baseline,,,evidence/targets/097_core_slice_split_last_mut/result.json,review/REVIEW_ACCEPTANCE_20260901T034008Z.md,,,
98,core::slice::split_mut,iterator-splitting-and-chunking,81cedd197710c3392a77bf21e9d0efe0bf6919c268ccbddebf0d3898ab138879,conditional-complete,conditional-complete,conditional-complete,conditional-complete,certified-baseline,,,evidence/targets/098_core_slice_split_mut/result.json,review/REVIEW_ACCEPTANCE_20260901T024835Z.md,,,
99,core::slice::split_off,iterator-splitting-and-chunking,980c0fc48d42c16666be982fb8949777aea4c339d73a52ba80f62fded2ae7085,conditional-complete,conditional-complete,conditional-complete,conditional-complete,certified-baseline,,,evidence/targets/099_core_slice_split_off/result.json,review/REVIEW_ACCEPTANCE_20260901T080418Z.md,,,
101,core::slice::split_off_first_mut,iterator-splitting-and-chunking,fb2805dd3aa3b506b48de88fdc75518d217820aceb32543f31d6d0ef40446728,conditional-complete,conditional-complete,conditional-complete,conditional-complete,certified-baseline,,,evidence/targets/101_core_slice_split_off_first_mut/result.json,review/REVIEW_ACCEPTANCE_20260901T034008Z.md,,,
103,core::slice::split_off_last_mut,iterator-splitting-and-chunking,1f03e74ea8d7d4c774711bb8af028cbed32e1401810479f58803a6de7a426f4d,conditional-complete,conditional-complete,conditional-complete,conditional-complete,certified-baseline,,,evidence/targets/103_core_slice_split_off_last_mut/result.json,review/REVIEW_ACCEPTANCE_20260901T034008Z.md,,,
104,core::slice::split_off_mut,iterator-splitting-and-chunking,74829510395c909f4449ed0dd06a0ac44332151e2a9d1feba392c5728e616e99,conditional-complete,conditional-complete,conditional-complete,conditional-complete,certified-baseline,,,evidence/targets/104_core_slice_split_off_mut/result.json,review/REVIEW_ACCEPTANCE_20260901T080418Z.md,,,
106,core::slice::splitn_mut,iterator-splitting-and-chunking,8fb38da00d00aea693a93e948863b8ab7bf6d6d2e6e4662345ad50d9a923d3db,conditional-complete,conditional-complete,conditional-complete,conditional-complete,certified-baseline,,,evidence/targets/106_core_slice_splitn_mut/result.json,review/REVIEW_ACCEPTANCE_20260831T122239Z.md,,,
111,core::slice::subslice_range,raw-pointer-and-provenance,efa221cefc2e3ffa897082292c658fd9163e1e151be34c08189360d0b01729bb,conditional-complete,conditional-complete,conditional-complete,conditional-complete,certified-baseline,,,evidence/targets/111_core_slice_subslice_range/result.json,review/REVIEW_ACCEPTANCE_20260901T121316Z.md,,,
119,core::slice::write_clone_of_slice,maybe-uninit-slice-storage,0e3746ad6530835f74de584a989ea1c6126fdb297454de35509cbdb05fd8c54b,conditional-complete,conditional-complete,conditional-complete,conditional-complete,certified-baseline,,,evidence/targets/119_core_slice_write_clone_of_slice/result.json,review/REVIEW_ACCEPTANCE_20260831T205556Z.md,,,
120,core::slice::write_copy_of_slice,maybe-uninit-slice-storage,09f266d66c804f7e0f5f296f4050ba156240da188db824b5f5f6efc0a0145e69,conditional-complete,conditional-complete,conditional-complete,conditional-complete,certified-baseline,,,evidence/targets/120_core_slice_write_copy_of_slice/result.json,review/REVIEW_ACCEPTANCE_20260831T142401Z.md,,,
