target,input_order,active_contract_text,active_contract_sha256,retained_contract_text,retained_contract_sha256,generated_declaration_text,generated_declaration_sha256,resolution
core::slice::as_chunks,12,"pub assume_specification<T, const N: usize>[ <[T]>::as_chunks::<N> ]( slice: &[T], ) -> (ret: (&[[T; N]], &[T])) requires N != 0, ensures slice_array_chunks_partition::<T, N>(slice@, ret.0@, ret.1@), ret.0@.len() == slice@.len() / (N as nat), ret.1@.len() == slice@.len() % (N as nat), forall|chunk: int| 0 <= chunk < ret.0@.len() ==> array_value_view::<T, N>(ret.0@[chunk]) == slice@.subrange(chunk * (N as int), (chunk + 1) * (N as int)), ret.1@ == slice@.subrange((ret.0@.len() * (N as nat)) as int, slice@.len() as int), ;",9d7c778009f44f0fd043dfc0e22215c99b3c90dde9ed5434c911087402bbe05f,"pub assume_specification<T, const N: usize>[ <[T]>::as_chunks::<N> ]( slice: &[T], ) -> (ret: (&[[T; N]], &[T])) requires N != 0, ensures slice_array_chunks_partition::<T, N>(slice@, ret.0@, ret.1@), ;",3b57534adcd1c2d3cf18052a45f2e11ea9dfc2889dcef6ab4586a35bc8501ef9,"pub assume_specification<T, const N: usize>[ <[T]>::as_chunks::<N> ](
    slice: &[T],
) -> (ret: (&[[T; N]], &[T]))
    requires
        N != 0,
    ensures
        slice_array_chunks_partition::<T, N>(slice@, ret.0@, ret.1@),
        ret.0@.len() == slice@.len() / (N as nat),
        ret.1@.len() == slice@.len() % (N as nat),
        forall|chunk: int| 0 <= chunk < ret.0@.len() ==> array_value_view::<T, N>(
            ret.0@[chunk],
        ) == slice@.subrange(chunk * (N as int), (chunk + 1) * (N as int)),
        ret.1@ == slice@.subrange((ret.0@.len() * (N as nat)) as int, slice@.len() as int),
;
",970e8aac914ef4dacb67e98dbc2fd23eba408632cd30b09935f3012b2ab77cd0,active catalog text and executable generated declaration control; retained proof contract is provenance only
core::slice::as_chunks_mut,13,"pub assume_specification<T, const N: usize>[ <[T]>::as_chunks_mut::<N> ]( slice: &mut [T], ) -> (ret: (&mut [[T; N]], &mut [T])) requires N != 0, ensures slice_array_chunks_partition::<T, N>(old(slice)@, ret.0@, ret.1@), ret.0@.len() == old(slice)@.len() / (N as nat), ret.1@.len() == old(slice)@.len() % (N as nat), forall|chunk: int| 0 <= chunk < ret.0@.len() ==> array_value_view::<T, N>(ret.0@[chunk]) == old(slice)@.subrange(chunk * (N as int), (chunk + 1) * (N as int)), ret.1@ == old(slice)@.subrange((ret.0@.len() * (N as nat)) as int, old(slice)@.len() as int), final(ret.0)@.len() == ret.0@.len(), final(ret.1)@.len() == ret.1@.len(), final(slice)@ == flatten_array_chunks::<T, N>(final(ret.0)@) + final(ret.1)@, forall|chunk: int| 0 <= chunk < final(ret.0)@.len() ==> array_value_view::<T, N>(final(ret.0)@[chunk]) == final(slice)@.subrange(chunk * (N as int), (chunk + 1) * (N as int)), final(ret.1)@ == final(slice)@.subrange((final(ret.0)@.len() * (N as nat)) as int, final(slice)@.len() as int), ;",669f8bbc7a27aa64da763386dccd397f1d7e81db22ef7b672e71a40b69ff5e7c,"pub assume_specification<T, const N: usize>[ <[T]>::as_chunks_mut::<N> ]( slice: &mut [T], ) -> (ret: (&mut [[T; N]], &mut [T])) requires N != 0, ensures slice_array_chunks_partition::<T, N>(old(slice)@, ret.0@, ret.1@), final(slice)@ == flatten_array_chunks::<T, N>(final(ret.0)@) + final(ret.1)@, ;",8c6cc8f88b4de3b1f2c2c1a25965e3744c851cf8ac05d251cc0effd85d0f590e,"pub assume_specification<T, const N: usize>[ <[T]>::as_chunks_mut::<N> ](
    slice: &mut [T],
) -> (ret: (&mut [[T; N]], &mut [T]))
    requires
        N != 0,
    ensures
        slice_array_chunks_partition::<T, N>(old(slice)@, ret.0@, ret.1@),
        ret.0@.len() == old(slice)@.len() / (N as nat),
        ret.1@.len() == old(slice)@.len() % (N as nat),
        forall|chunk: int| 0 <= chunk < ret.0@.len() ==> array_value_view::<T, N>(
            ret.0@[chunk],
        ) == old(slice)@.subrange(chunk * (N as int), (chunk + 1) * (N as int)),
        ret.1@ == old(slice)@.subrange(
            (ret.0@.len() * (N as nat)) as int,
            old(slice)@.len() as int,
        ),
        final(ret.0)@.len() == ret.0@.len(),
        final(ret.1)@.len() == ret.1@.len(),
        final(slice)@ == flatten_array_chunks::<T, N>(final(ret.0)@) + final(ret.1)@,
        forall|chunk: int| 0 <= chunk < final(ret.0)@.len() ==> array_value_view::<T, N>(
            final(ret.0)@[chunk],
        ) == final(slice)@.subrange(chunk * (N as int), (chunk + 1) * (N as int)),
        final(ret.1)@ == final(slice)@.subrange(
            (final(ret.0)@.len() * (N as nat)) as int,
            final(slice)@.len() as int,
        ),
;
",eca3e1a7b2af00d2ca6cfa237c6f0ecd2f56a35ba9a92ddc93d8adf96a23716c,active catalog text and executable generated declaration control; retained proof contract is provenance only
core::slice::as_chunks_unchecked,14,"pub assume_specification<T, const N: usize>[ <[T]>::as_chunks_unchecked::<N> ]( slice: &[T], ) -> (ret: &[[T; N]]) requires N != 0, slice@.len() % (N as nat) == 0, ensures flatten_array_chunks::<T, N>(ret@) == slice@, ret@.len() == slice@.len() / (N as nat), forall|chunk: int| 0 <= chunk < ret@.len() ==> array_value_view::<T, N>(ret@[chunk]) == slice@.subrange(chunk * (N as int), (chunk + 1) * (N as int)), ;",a2a5116af11a32d4169f8b90ce1a319e948a4705e36b8a2c171f6a8191655b66,"pub assume_specification<T, const N: usize>[ <[T]>::as_chunks_unchecked::<N> ]( slice: &[T], ) -> (ret: &[[T; N]]) requires N != 0, slice@.len() % (N as nat) == 0, ensures flatten_array_chunks::<T, N>(ret@) == slice@, ;",0d342b93267baa83df2dd43ffee6dcc76c257cf313c3f7d6a0c76f7bd309eab1,"pub assume_specification<T, const N: usize>[ <[T]>::as_chunks_unchecked::<N> ](
    slice: &[T],
) -> (ret: &[[T; N]])
    requires
        N != 0,
        slice@.len() % (N as nat) == 0,
    ensures
        flatten_array_chunks::<T, N>(ret@) == slice@,
        ret@.len() == slice@.len() / (N as nat),
        forall|chunk: int| 0 <= chunk < ret@.len() ==> array_value_view::<T, N>(
            ret@[chunk],
        ) == slice@.subrange(chunk * (N as int), (chunk + 1) * (N as int)),
;
",24fbfc983997bef845ef900639feda1c100da780687b1b3fa1293ba1b6a36202,active catalog text and executable generated declaration control; retained proof contract is provenance only
core::slice::as_chunks_unchecked_mut,15,"pub assume_specification<T, const N: usize>[ <[T]>::as_chunks_unchecked_mut::<N> ]( slice: &mut [T], ) -> (ret: &mut [[T; N]]) requires N != 0, old(slice)@.len() % (N as nat) == 0, ensures flatten_array_chunks::<T, N>(ret@) == old(slice)@, ret@.len() == old(slice)@.len() / (N as nat), forall|chunk: int| 0 <= chunk < ret@.len() ==> array_value_view::<T, N>(ret@[chunk]) == old(slice)@.subrange(chunk * (N as int), (chunk + 1) * (N as int)), final(ret)@.len() == ret@.len(), final(slice)@ == flatten_array_chunks::<T, N>(final(ret)@), forall|chunk: int| 0 <= chunk < final(ret)@.len() ==> array_value_view::<T, N>(final(ret)@[chunk]) == final(slice)@.subrange(chunk * (N as int), (chunk + 1) * (N as int)), ;",c7cdf29658c01698013e14c2ab14e93699f855167a15eb4e3d697742a7d40c9a,"pub assume_specification<T, const N: usize>[ <[T]>::as_chunks_unchecked_mut::<N> ]( slice: &mut [T], ) -> (ret: &mut [[T; N]]) requires N != 0, old(slice)@.len() % (N as nat) == 0, ensures flatten_array_chunks::<T, N>(ret@) == old(slice)@, final(slice)@ == flatten_array_chunks::<T, N>(final(ret)@), ;",7cd825e6f6de9150b8a4e29d505fd432ddcb44e1add7c2053c43317a3dcacb0f,"pub assume_specification<T, const N: usize>[ <[T]>::as_chunks_unchecked_mut::<N> ](
    slice: &mut [T],
) -> (ret: &mut [[T; N]])
    requires
        N != 0,
        old(slice)@.len() % (N as nat) == 0,
    ensures
        flatten_array_chunks::<T, N>(ret@) == old(slice)@,
        ret@.len() == old(slice)@.len() / (N as nat),
        forall|chunk: int| 0 <= chunk < ret@.len() ==> array_value_view::<T, N>(
            ret@[chunk],
        ) == old(slice)@.subrange(chunk * (N as int), (chunk + 1) * (N as int)),
        final(ret)@.len() == ret@.len(),
        final(slice)@ == flatten_array_chunks::<T, N>(final(ret)@),
        forall|chunk: int| 0 <= chunk < final(ret)@.len() ==> array_value_view::<T, N>(
            final(ret)@[chunk],
        ) == final(slice)@.subrange(chunk * (N as int), (chunk + 1) * (N as int)),
;
",7a75bc1a2b53cd75b4128630a76659f25ccf4c3671f9a6177a2c816b2cde1a52,active catalog text and executable generated declaration control; retained proof contract is provenance only
core::slice::as_rchunks,23,"pub assume_specification<T, const N: usize>[ <[T]>::as_rchunks::<N> ]( slice: &[T], ) -> (ret: (&[T], &[[T; N]])) requires N != 0, ensures slice_array_rchunks_partition::<T, N>(slice@, ret.0@, ret.1@), ret.1@.len() == slice@.len() / (N as nat), ret.0@.len() == slice@.len() % (N as nat), ret.0@ == slice@.subrange(0, ret.0@.len() as int), forall|chunk: int| 0 <= chunk < ret.1@.len() ==> array_value_view::<T, N>(ret.1@[chunk]) == slice@.subrange(ret.0@.len() as int + chunk * (N as int), ret.0@.len() as int + (chunk + 1) * (N as int)), ;",1b3b024fdbd8f22771d68cefc3082062544ac60b7d7ac07fda1c14cab04ab3ca,"pub assume_specification<T, const N: usize>[ <[T]>::as_rchunks::<N> ]( slice: &[T], ) -> (ret: (&[T], &[[T; N]])) requires N != 0, ensures slice_array_rchunks_partition::<T, N>(slice@, ret.0@, ret.1@), ;",e2267d28d210517821bbafb80115b79374ff4925b5096b1b27fb466f399a2cec,"pub assume_specification<T, const N: usize>[ <[T]>::as_rchunks::<N> ](
    slice: &[T],
) -> (ret: (&[T], &[[T; N]]))
    requires
        N != 0,
    ensures
        slice_array_rchunks_partition::<T, N>(slice@, ret.0@, ret.1@),
        ret.1@.len() == slice@.len() / (N as nat),
        ret.0@.len() == slice@.len() % (N as nat),
        ret.0@ == slice@.subrange(0, ret.0@.len() as int),
        forall|chunk: int| 0 <= chunk < ret.1@.len() ==> array_value_view::<T, N>(
            ret.1@[chunk],
        ) == slice@.subrange(
            ret.0@.len() as int + chunk * (N as int),
            ret.0@.len() as int + (chunk + 1) * (N as int),
        ),
;
",24c7000c939d0a63c43d6a011c65621ab80dca8dae6262f8487c2989601df4ba,active catalog text and executable generated declaration control; retained proof contract is provenance only
core::slice::as_rchunks_mut,24,"pub assume_specification<T, const N: usize>[ <[T]>::as_rchunks_mut::<N> ]( slice: &mut [T], ) -> (ret: (&mut [T], &mut [[T; N]])) requires N != 0, ensures slice_array_rchunks_partition::<T, N>(old(slice)@, ret.0@, ret.1@), ret.1@.len() == old(slice)@.len() / (N as nat), ret.0@.len() == old(slice)@.len() % (N as nat), ret.0@ == old(slice)@.subrange(0, ret.0@.len() as int), forall|chunk: int| 0 <= chunk < ret.1@.len() ==> array_value_view::<T, N>(ret.1@[chunk]) == old(slice)@.subrange(ret.0@.len() as int + chunk * (N as int), ret.0@.len() as int + (chunk + 1) * (N as int)), final(ret.1)@.len() == ret.1@.len(), final(ret.0)@.len() == ret.0@.len(), final(slice)@ == final(ret.0)@ + flatten_array_chunks::<T, N>(final(ret.1)@), final(ret.0)@ == final(slice)@.subrange(0, final(ret.0)@.len() as int), forall|chunk: int| 0 <= chunk < final(ret.1)@.len() ==> array_value_view::<T, N>(final(ret.1)@[chunk]) == final(slice)@.subrange(final(ret.0)@.len() as int + chunk * (N as int), final(ret.0)@.len() as int + (chunk + 1) * (N as int)), ;",f7f4347b6b668b99b56a86daa936797fae5b45f6ffc22dbacc872c1be89b2dde,"pub assume_specification<T, const N: usize>[ <[T]>::as_rchunks_mut::<N> ]( slice: &mut [T], ) -> (ret: (&mut [T], &mut [[T; N]])) requires N != 0, ensures slice_array_rchunks_partition::<T, N>(old(slice)@, ret.0@, ret.1@), final(slice)@ == final(ret.0)@ + flatten_array_chunks::<T, N>(final(ret.1)@), ;",2eb4482ca836049f0db386dc97308eeb2e7376ffde6abdd110f3691e11c6cf69,"pub assume_specification<T, const N: usize>[ <[T]>::as_rchunks_mut::<N> ](
    slice: &mut [T],
) -> (ret: (&mut [T], &mut [[T; N]]))
    requires
        N != 0,
    ensures
        slice_array_rchunks_partition::<T, N>(old(slice)@, ret.0@, ret.1@),
        ret.1@.len() == old(slice)@.len() / (N as nat),
        ret.0@.len() == old(slice)@.len() % (N as nat),
        ret.0@ == old(slice)@.subrange(0, ret.0@.len() as int),
        forall|chunk: int| 0 <= chunk < ret.1@.len() ==> array_value_view::<T, N>(
            ret.1@[chunk],
        ) == old(slice)@.subrange(
            ret.0@.len() as int + chunk * (N as int),
            ret.0@.len() as int + (chunk + 1) * (N as int),
        ),
        final(ret.1)@.len() == ret.1@.len(),
        final(ret.0)@.len() == ret.0@.len(),
        final(slice)@ == final(ret.0)@ + flatten_array_chunks::<T, N>(final(ret.1)@),
        final(ret.0)@ == final(slice)@.subrange(0, final(ret.0)@.len() as int),
        forall|chunk: int| 0 <= chunk < final(ret.1)@.len() ==> array_value_view::<T, N>(
            final(ret.1)@[chunk],
        ) == final(slice)@.subrange(
            final(ret.0)@.len() as int + chunk * (N as int),
            final(ret.0)@.len() as int + (chunk + 1) * (N as int),
        ),
;
",e8e9c183a8d5353394275680767eaffec09a0deedd9b459c893fa33e3d306071,active catalog text and executable generated declaration control; retained proof contract is provenance only
