api_path,record_count,category,record_categories
alloc::boxed::Box::new,1,complete_all_records,complete
alloc::boxed::Box::new_uninit,1,no_local_postcondition,no_local_postcondition
alloc::boxed::box_assume_init_into_vec_unsafe,1,complete_all_records,complete
alloc::collections::BTreeMap::clear,1,complete_all_records,complete
alloc::collections::BTreeMap::contains_key,2,unknown,unknown;unknown
alloc::collections::BTreeMap::get,2,unknown,unknown;unknown
alloc::collections::BTreeMap::insert,1,unknown,unknown
alloc::collections::BTreeMap::is_empty,1,complete_all_records,complete
alloc::collections::BTreeMap::iter,1,unknown,unknown
alloc::collections::BTreeMap::keys,1,unknown,unknown
alloc::collections::BTreeMap::len,1,complete_all_records,complete
alloc::collections::BTreeMap::new,1,complete_all_records,complete
alloc::collections::BTreeMap::remove,2,unknown,unknown;unknown
alloc::collections::BTreeMap::values,1,unknown,unknown
alloc::collections::BTreeSet::clear,1,complete_all_records,complete
alloc::collections::BTreeSet::contains,1,unknown,unknown
alloc::collections::BTreeSet::get,2,unknown,unknown;unknown
alloc::collections::BTreeSet::insert,1,unknown,unknown
alloc::collections::BTreeSet::is_empty,1,complete_all_records,complete
alloc::collections::BTreeSet::iter,1,unknown,unknown
alloc::collections::BTreeSet::len,1,complete_all_records,complete
alloc::collections::BTreeSet::new,1,complete_all_records,complete
alloc::collections::BTreeSet::remove,1,unknown,unknown
alloc::collections::BinaryHeap::append,1,complete_all_records,complete
alloc::collections::BinaryHeap::as_slice,1,unknown,unknown
alloc::collections::BinaryHeap::capacity,1,complete_all_records,complete
alloc::collections::BinaryHeap::clear,1,complete_all_records,complete
alloc::collections::BinaryHeap::into_sorted_vec,1,unknown,unknown
alloc::collections::BinaryHeap::into_vec,1,unknown,unknown
alloc::collections::BinaryHeap::is_empty,1,complete_all_records,complete
alloc::collections::BinaryHeap::len,1,complete_all_records,complete
alloc::collections::BinaryHeap::new,1,complete_all_records,complete
alloc::collections::BinaryHeap::peek,1,unknown,unknown
alloc::collections::BinaryHeap::pop,1,unknown,unknown
alloc::collections::BinaryHeap::push,1,complete_all_records,complete
alloc::collections::BinaryHeap::reserve,1,complete_all_records,complete
alloc::collections::BinaryHeap::reserve_exact,1,complete_all_records,complete
alloc::collections::BinaryHeap::shrink_to,1,complete_all_records,complete
alloc::collections::BinaryHeap::shrink_to_fit,1,complete_all_records,complete
alloc::collections::BinaryHeap::try_reserve,1,unknown,unknown
alloc::collections::BinaryHeap::try_reserve_exact,1,unknown,unknown
alloc::collections::BinaryHeap::with_capacity,1,complete_all_records,complete
alloc::collections::LinkedList::append,1,complete_all_records,complete
alloc::collections::LinkedList::back,1,complete_all_records,complete
alloc::collections::LinkedList::clear,1,complete_all_records,complete
alloc::collections::LinkedList::contains,1,complete_all_records,complete
alloc::collections::LinkedList::front,1,complete_all_records,complete
alloc::collections::LinkedList::is_empty,1,complete_all_records,complete
alloc::collections::LinkedList::len,1,complete_all_records,complete
alloc::collections::LinkedList::new,1,complete_all_records,complete
alloc::collections::LinkedList::pop_back,1,complete_all_records,complete
alloc::collections::LinkedList::pop_front,1,complete_all_records,complete
alloc::collections::LinkedList::push_back,1,complete_all_records,complete
alloc::collections::LinkedList::push_front,1,complete_all_records,complete
alloc::collections::LinkedList::split_off,1,complete_all_records,complete
alloc::collections::VecDeque::capacity,1,complete_all_records,complete
alloc::collections::VecDeque::shrink_to,1,complete_all_records,complete
alloc::collections::VecDeque::shrink_to_fit,1,complete_all_records,complete
alloc::collections::VecDeque::try_reserve,1,unknown,unknown
alloc::collections::vec_deque::VecDeque::append,1,complete_all_records,complete
alloc::collections::vec_deque::VecDeque::as_slices,1,unknown,unknown
alloc::collections::vec_deque::VecDeque::back,1,complete_all_records,complete
alloc::collections::vec_deque::VecDeque::clear,1,complete_all_records,complete
alloc::collections::vec_deque::VecDeque::contains,1,complete_all_records,complete
alloc::collections::vec_deque::VecDeque::front,1,complete_all_records,complete
alloc::collections::vec_deque::VecDeque::get,1,complete_all_records,complete
alloc::collections::vec_deque::VecDeque::index,1,complete_all_records,complete
alloc::collections::vec_deque::VecDeque::insert,1,complete_all_records,complete
alloc::collections::vec_deque::VecDeque::is_empty,1,complete_all_records,complete
alloc::collections::vec_deque::VecDeque::iter,1,complete_all_records,complete
alloc::collections::vec_deque::VecDeque::len,1,complete_all_records,complete
alloc::collections::vec_deque::VecDeque::new,1,complete_all_records,complete
alloc::collections::vec_deque::VecDeque::pop_back,1,complete_all_records,complete
alloc::collections::vec_deque::VecDeque::pop_front,1,complete_all_records,complete
alloc::collections::vec_deque::VecDeque::push_back,1,complete_all_records,complete
alloc::collections::vec_deque::VecDeque::push_front,1,complete_all_records,complete
alloc::collections::vec_deque::VecDeque::remove,1,complete_all_records,complete
alloc::collections::vec_deque::VecDeque::reserve,1,complete_all_records,complete
alloc::collections::vec_deque::VecDeque::reserve_exact,1,complete_all_records,complete
alloc::collections::vec_deque::VecDeque::resize,1,unknown,unknown
alloc::collections::vec_deque::VecDeque::rotate_left,1,complete_all_records,complete
alloc::collections::vec_deque::VecDeque::rotate_right,1,complete_all_records,complete
alloc::collections::vec_deque::VecDeque::split_off,1,complete_all_records,complete
alloc::collections::vec_deque::VecDeque::swap,1,complete_all_records,complete
alloc::collections::vec_deque::VecDeque::swap_remove_back,1,complete_all_records,complete
alloc::collections::vec_deque::VecDeque::swap_remove_front,1,complete_all_records,complete
alloc::collections::vec_deque::VecDeque::truncate,1,complete_all_records,complete
alloc::collections::vec_deque::VecDeque::try_reserve_exact,1,unknown,unknown
alloc::collections::vec_deque::VecDeque::with_capacity,1,complete_all_records,complete
alloc::ffi::CString::as_bytes,1,complete_all_records,complete
alloc::ffi::CString::as_bytes_with_nul,1,complete_all_records,complete
alloc::ffi::CString::as_c_str,1,unknown,unknown
alloc::ffi::CString::from_vec_with_nul,1,complete_all_records,complete
alloc::ffi::CString::into_boxed_c_str,1,complete_all_records,complete
alloc::ffi::CString::into_bytes,1,complete_all_records,complete
alloc::ffi::CString::into_bytes_with_nul,1,complete_all_records,complete
alloc::ffi::CString::into_string,1,complete_all_records,complete
alloc::ffi::FromVecWithNulError::as_bytes,1,complete_all_records,complete
alloc::ffi::FromVecWithNulError::into_bytes,1,complete_all_records,complete
alloc::ffi::IntoStringError::into_cstring,1,complete_all_records,complete
alloc::ffi::IntoStringError::utf8_error,1,complete_all_records,complete
alloc::ffi::NulError::into_vec,1,complete_all_records,complete
alloc::ffi::NulError::nul_position,1,complete_all_records,complete
alloc::intrinsics::write_box_via_move,1,unknown,unknown
alloc::rc::Rc::into_inner,1,unknown,unknown
alloc::rc::Rc::new,1,complete_all_records,complete
alloc::rc::Rc::try_unwrap,1,unknown,unknown
alloc::string::FromUtf8Error::as_bytes,1,complete_all_records,complete
alloc::string::FromUtf8Error::into_bytes,1,complete_all_records,complete
alloc::string::FromUtf8Error::utf8_error,1,complete_all_records,complete
alloc::string::String::as_str,1,complete_all_records,complete
alloc::string::String::capacity,1,complete_all_records,complete
alloc::string::String::new,1,complete_all_records,complete
alloc::string::String::reserve,1,complete_all_records,complete
alloc::string::String::reserve_exact,1,complete_all_records,complete
alloc::string::String::shrink_to,1,complete_all_records,complete
alloc::string::String::shrink_to_fit,1,complete_all_records,complete
alloc::string::String::try_reserve,1,unknown,unknown
alloc::string::String::try_reserve_exact,1,unknown,unknown
alloc::string::String::with_capacity,1,complete_all_records,complete
alloc::string::ToString::to_string,1,unknown,unknown
alloc::sync::Arc::new,1,complete_all_records,complete
alloc::vec::Vec::append,1,complete_all_records,complete
alloc::vec::Vec::as_mut_slice,1,checker_unsupported,checker_unsupported
alloc::vec::Vec::as_slice,1,complete_all_records,complete
alloc::vec::Vec::capacity,1,complete_all_records,complete
alloc::vec::Vec::clear,1,complete_all_records,complete
alloc::vec::Vec::extend_from_slice,1,unknown,unknown
alloc::vec::Vec::index,1,unknown,unknown
alloc::vec::Vec::insert,1,complete_all_records,complete
alloc::vec::Vec::into_iter,1,complete_all_records,complete
alloc::vec::Vec::is_empty,1,complete_all_records,complete
alloc::vec::Vec::len,1,complete_all_records,complete
alloc::vec::Vec::new,1,complete_all_records,complete
alloc::vec::Vec::new_in,1,complete_all_records,complete
alloc::vec::Vec::pop,1,complete_all_records,complete
alloc::vec::Vec::push,1,complete_all_records,complete
alloc::vec::Vec::remove,1,complete_all_records,complete
alloc::vec::Vec::reserve,1,complete_all_records,complete
alloc::vec::Vec::reserve_exact,1,complete_all_records,complete
alloc::vec::Vec::resize,1,unknown,unknown
alloc::vec::Vec::shrink_to,1,complete_all_records,complete
alloc::vec::Vec::shrink_to_fit,1,complete_all_records,complete
alloc::vec::Vec::split_off,1,complete_all_records,complete
alloc::vec::Vec::swap_remove,1,complete_all_records,complete
alloc::vec::Vec::truncate,1,complete_all_records,complete
alloc::vec::Vec::try_reserve,1,unknown,unknown
alloc::vec::Vec::try_reserve_exact,1,unknown,unknown
alloc::vec::Vec::with_capacity,1,complete_all_records,complete
alloc::vec::Vec::with_capacity_in,1,complete_all_records,complete
alloc::vec::from_elem,1,unknown,unknown
core::alloc::Layout::align,1,complete_all_records,complete
core::alloc::Layout::align_to,1,complete_all_records,complete
core::alloc::Layout::array,1,complete_all_records,complete
core::alloc::Layout::extend,1,complete_all_records,complete
core::alloc::Layout::extend_packed,1,complete_all_records,complete
core::alloc::Layout::for_value,1,complete_all_records,complete
core::alloc::Layout::from_size_align,1,complete_all_records,complete
core::alloc::Layout::from_size_align_unchecked,1,complete_all_records,complete
core::alloc::Layout::new,1,complete_all_records,complete
core::alloc::Layout::pad_to_align,1,complete_all_records,complete
core::alloc::Layout::repeat,1,complete_all_records,complete
core::alloc::Layout::repeat_packed,1,complete_all_records,complete
core::alloc::Layout::size,1,complete_all_records,complete
core::array::as_slice,1,complete_all_records,complete
core::bool::then,1,unknown,unknown
core::clone::Clone::clone,18,mixed_partial,complete;complete;complete;complete;complete;complete;complete;complete;complete;complete;complete;unknown;unknown;unknown;unknown;unknown;unknown;unknown
core::cmp::Ord::cmp,2,no_local_postcondition,no_local_postcondition;no_local_postcondition
core::cmp::Ordering::is_eq,1,complete_all_records,complete
core::cmp::Ordering::is_ge,1,complete_all_records,complete
core::cmp::Ordering::is_gt,1,complete_all_records,complete
core::cmp::Ordering::is_le,1,complete_all_records,complete
core::cmp::Ordering::is_lt,1,complete_all_records,complete
core::cmp::Ordering::is_ne,1,complete_all_records,complete
core::cmp::Ordering::reverse,1,complete_all_records,complete
core::cmp::Ordering::then,1,complete_all_records,complete
core::cmp::PartialEq::eq,9,mixed_partial,complete;complete;complete;no_local_postcondition;no_local_postcondition;no_local_postcondition;no_local_postcondition;unknown;unknown
core::cmp::PartialEq::ne,4,unclassified_or_error,no_local_postcondition;no_local_postcondition;unknown;unknown
core::cmp::PartialOrd::ge,3,unclassified_or_error,no_local_postcondition;unknown;unknown
core::cmp::PartialOrd::gt,3,unclassified_or_error,no_local_postcondition;unknown;unknown
core::cmp::PartialOrd::le,3,unclassified_or_error,no_local_postcondition;unknown;unknown
core::cmp::PartialOrd::lt,3,unclassified_or_error,no_local_postcondition;unknown;unknown
core::cmp::PartialOrd::partial_cmp,4,unclassified_or_error,no_local_postcondition;no_local_postcondition;unknown;unknown
core::convert::Into::into,1,checker_unsupported,checker_unsupported
core::convert::TryFrom::try_from,1,unknown,unknown
core::convert::TryInto::try_into,1,checker_unsupported,checker_unsupported
core::default::Default::default,16,mixed_partial,complete;complete;complete;complete;complete;complete;complete;complete;complete;complete;unknown;unknown;unknown;unknown;unknown;unknown
core::ffi::CStr::count_bytes,1,complete_all_records,complete
core::ffi::CStr::from_bytes_until_nul,1,complete_all_records,complete
core::ffi::CStr::from_bytes_with_nul,1,complete_all_records,complete
core::ffi::CStr::is_empty,1,complete_all_records,complete
core::ffi::CStr::to_bytes,1,complete_all_records,complete
core::ffi::CStr::to_bytes_with_nul,1,complete_all_records,complete
core::ffi::CStr::to_str,1,complete_all_records,complete
core::fmt::Result::branch,1,complete_all_records,complete
core::fmt::Result::from_residual,1,complete_all_records,complete
core::hint::unreachable_unchecked,1,no_local_postcondition,no_local_postcondition
core::intrinsics::likely,1,complete_all_records,complete
core::intrinsics::unlikely,1,complete_all_records,complete
core::iter::IntoIterator::into_iter,5,complete_all_records,complete;complete;complete;complete;complete
core::iter::Iterator::next,1,complete_all_records,complete
core::mem::ManuallyDrop::into_inner,1,complete_all_records,complete
core::mem::ManuallyDrop::new,1,complete_all_records,complete
core::mem::MaybeUninit::assume_init,1,complete_all_records,complete
core::mem::MaybeUninit::assume_init_mut,1,checker_unsupported,checker_unsupported
core::mem::MaybeUninit::assume_init_ref,1,complete_all_records,complete
core::mem::MaybeUninit::new,1,unknown,unknown
core::mem::MaybeUninit::uninit,1,unknown,unknown
core::mem::align_of,1,complete_all_records,complete
core::mem::align_of_val,1,complete_all_records,complete
core::mem::size_of,1,complete_all_records,complete
core::mem::size_of_val,1,complete_all_records,complete
core::mem::swap,1,complete_all_records,complete
core::net::IpAddr::is_ipv4,1,complete_all_records,complete
core::net::IpAddr::is_ipv6,1,complete_all_records,complete
core::net::IpAddr::is_loopback,1,complete_all_records,complete
core::net::IpAddr::is_multicast,1,complete_all_records,complete
core::net::IpAddr::is_unspecified,1,complete_all_records,complete
core::net::IpAddr::to_canonical,1,complete_all_records,complete
core::net::Ipv4Addr::from_bits,1,complete_all_records,complete
core::net::Ipv4Addr::from_octets,1,complete_all_records,complete
core::net::Ipv4Addr::is_broadcast,1,complete_all_records,complete
core::net::Ipv4Addr::is_documentation,1,complete_all_records,complete
core::net::Ipv4Addr::is_link_local,1,complete_all_records,complete
core::net::Ipv4Addr::is_loopback,1,complete_all_records,complete
core::net::Ipv4Addr::is_multicast,1,complete_all_records,complete
core::net::Ipv4Addr::is_private,1,complete_all_records,complete
core::net::Ipv4Addr::is_unspecified,1,complete_all_records,complete
core::net::Ipv4Addr::new,1,complete_all_records,complete
core::net::Ipv4Addr::octets,1,complete_all_records,complete
core::net::Ipv4Addr::to_bits,1,complete_all_records,complete
core::net::Ipv4Addr::to_ipv6_compatible,1,complete_all_records,complete
core::net::Ipv4Addr::to_ipv6_mapped,1,complete_all_records,complete
core::net::Ipv6Addr::from_bits,1,complete_all_records,complete
core::net::Ipv6Addr::from_octets,1,complete_all_records,complete
core::net::Ipv6Addr::from_segments,1,complete_all_records,complete
core::net::Ipv6Addr::is_loopback,1,complete_all_records,complete
core::net::Ipv6Addr::is_multicast,1,complete_all_records,complete
core::net::Ipv6Addr::is_unicast_link_local,1,complete_all_records,complete
core::net::Ipv6Addr::is_unique_local,1,complete_all_records,complete
core::net::Ipv6Addr::is_unspecified,1,complete_all_records,complete
core::net::Ipv6Addr::new,1,complete_all_records,complete
core::net::Ipv6Addr::octets,1,complete_all_records,complete
core::net::Ipv6Addr::segments,1,complete_all_records,complete
core::net::Ipv6Addr::to_bits,1,complete_all_records,complete
core::net::Ipv6Addr::to_canonical,1,complete_all_records,complete
core::net::Ipv6Addr::to_ipv4,1,complete_all_records,complete
core::net::Ipv6Addr::to_ipv4_mapped,1,complete_all_records,complete
core::net::SocketAddr::ip,1,complete_all_records,complete
core::net::SocketAddr::is_ipv4,1,complete_all_records,complete
core::net::SocketAddr::is_ipv6,1,complete_all_records,complete
core::net::SocketAddr::new,1,complete_all_records,complete
core::net::SocketAddr::port,1,complete_all_records,complete
core::net::SocketAddr::set_ip,1,complete_all_records,complete
core::net::SocketAddr::set_port,1,complete_all_records,complete
core::net::SocketAddrV4::ip,1,unknown,unknown
core::net::SocketAddrV4::new,1,complete_all_records,complete
core::net::SocketAddrV4::port,1,complete_all_records,complete
core::net::SocketAddrV4::set_ip,1,complete_all_records,complete
core::net::SocketAddrV4::set_port,1,complete_all_records,complete
core::net::SocketAddrV6::flowinfo,1,complete_all_records,complete
core::net::SocketAddrV6::ip,1,unknown,unknown
core::net::SocketAddrV6::new,1,complete_all_records,complete
core::net::SocketAddrV6::port,1,complete_all_records,complete
core::net::SocketAddrV6::scope_id,1,complete_all_records,complete
core::net::SocketAddrV6::set_flowinfo,1,complete_all_records,complete
core::net::SocketAddrV6::set_ip,1,complete_all_records,complete
core::net::SocketAddrV6::set_port,1,complete_all_records,complete
core::net::SocketAddrV6::set_scope_id,1,complete_all_records,complete
core::num::NonZero::get,1,complete_all_records,complete
core::num::NonZero::new,1,complete_all_records,complete
core::num::NonZero::new_unchecked,1,complete_all_records,complete
core::ops::Add::add,2,unknown,unknown;unknown
core::ops::ControlFlow::break_ok,1,complete_all_records,complete
core::ops::ControlFlow::break_value,1,complete_all_records,complete
core::ops::ControlFlow::continue_ok,1,complete_all_records,complete
core::ops::ControlFlow::continue_value,1,complete_all_records,complete
core::ops::ControlFlow::is_break,1,complete_all_records,complete
core::ops::ControlFlow::is_continue,1,complete_all_records,complete
core::ops::Deref::deref,3,complete_all_records,complete;complete;complete
core::ops::DerefMut::deref_mut,1,checker_unsupported,checker_unsupported
core::ops::Div::div,2,unknown,unknown;unknown
core::ops::Index::index,2,unknown,unknown;unknown
core::ops::Mul::mul,2,unknown,unknown;unknown
core::ops::Neg::neg,2,unknown,unknown;unknown
core::ops::Range::contains,1,unknown,unknown
core::ops::RangeBounds::end_bound,7,complete_all_records,complete;complete;complete;complete;complete;complete;complete
core::ops::RangeBounds::start_bound,7,complete_all_records,complete;complete;complete;complete;complete;complete;complete
core::ops::RangeInclusive::contains,1,unknown,unknown
core::ops::RangeInclusive::new,1,complete_all_records,complete
core::ops::Sub::sub,2,unknown,unknown;unknown
core::option::Option::and_then,1,unknown,unknown
core::option::Option::as_mut,1,unknown,unknown
core::option::Option::as_mut_slice,1,checker_unsupported,checker_unsupported
core::option::Option::as_ref,1,complete_all_records,complete
core::option::Option::as_slice,1,complete_all_records,complete
core::option::Option::branch,1,complete_all_records,complete
core::option::Option::cloned,1,unknown,unknown
core::option::Option::expect,1,complete_all_records,complete
core::option::Option::from_residual,1,complete_all_records,complete
core::option::Option::get_or_insert,1,checker_unsupported,checker_unsupported
core::option::Option::insert,1,checker_unsupported,checker_unsupported
core::option::Option::is_none,1,complete_all_records,complete
core::option::Option::is_some,1,complete_all_records,complete
core::option::Option::map,1,unknown,unknown
core::option::Option::ok_or,1,complete_all_records,complete
core::option::Option::ok_or_else,1,complete_all_records,complete
core::option::Option::take,1,complete_all_records,complete
core::option::Option::unwrap,1,complete_all_records,complete
core::option::Option::unwrap_or,1,complete_all_records,complete
core::option::Option::unwrap_or_default,1,unknown,unknown
core::option::Option::unwrap_or_else,1,unknown,unknown
core::panic::Location::column,1,complete_all_records,complete
core::panic::Location::file,1,complete_all_records,complete
core::panic::Location::file_as_c_str,1,complete_all_records,complete
core::panic::Location::line,1,complete_all_records,complete
core::ptr::null,2,trivial_only,trivial_equality;trivial_equality
core::ptr::null_mut,2,trivial_only,trivial_equality;trivial_equality
core::result::Result::as_ref,1,complete_all_records,complete
core::result::Result::err,1,complete_all_records,complete
core::result::Result::expect,1,complete_all_records,complete
core::result::Result::is_err,1,complete_all_records,complete
core::result::Result::is_ok,1,complete_all_records,complete
core::result::Result::map,1,unknown,unknown
core::result::Result::map_err,1,complete_all_records,complete
core::result::Result::ok,1,complete_all_records,complete
core::result::Result::unwrap,1,complete_all_records,complete
core::result::Result::unwrap_err,1,complete_all_records,complete
core::slice::SliceIndex::index,2,complete_all_records,complete;complete
core::slice::copy_from_slice,1,checker_unsupported,checker_unsupported
core::slice::copy_within,1,checker_unsupported,checker_unsupported
core::slice::first,1,complete_all_records,complete
core::slice::first_mut,1,checker_unsupported,checker_unsupported
core::slice::get,1,complete_all_records,complete
core::slice::into_vec,1,complete_all_records,complete
core::slice::is_empty,1,complete_all_records,complete
core::slice::iter,1,complete_all_records,complete
core::slice::last,1,complete_all_records,complete
core::slice::last_mut,1,checker_unsupported,checker_unsupported
core::slice::len,1,complete_all_records,complete
core::slice::split_at,1,complete_all_records,complete
core::slice::split_at_mut,1,checker_unsupported,checker_unsupported
core::str::Utf8Error::error_len,1,complete_all_records,complete
core::str::Utf8Error::valid_up_to,1,complete_all_records,complete
core::str::as_bytes,1,complete_all_records,complete
core::str::chars,1,complete_all_records,complete
core::str::from_utf8_unchecked,1,unknown,unknown
core::str::is_ascii,1,complete_all_records,complete
core::str::is_char_boundary,1,complete_all_records,complete
core::str::is_empty,1,complete_all_records,complete
core::str::len,1,complete_all_records,complete
core::str::split_at,1,unknown,unknown
core::str::to_owned,1,complete_all_records,complete
core::time::Duration::abs_diff,1,complete_all_records,complete
core::time::Duration::as_micros,1,complete_all_records,complete
core::time::Duration::as_millis,1,complete_all_records,complete
core::time::Duration::as_nanos,1,complete_all_records,complete
core::time::Duration::as_secs,1,complete_all_records,complete
core::time::Duration::as_secs_f32,1,complete_all_records,complete
core::time::Duration::as_secs_f64,1,complete_all_records,complete
core::time::Duration::checked_add,1,complete_all_records,complete
core::time::Duration::checked_div,1,complete_all_records,complete
core::time::Duration::checked_mul,1,complete_all_records,complete
core::time::Duration::checked_sub,1,complete_all_records,complete
core::time::Duration::div_duration_f32,1,unknown,unknown
core::time::Duration::div_duration_f64,1,unknown,unknown
core::time::Duration::div_f32,1,complete_all_records,complete
core::time::Duration::div_f64,1,complete_all_records,complete
core::time::Duration::from_hours,1,complete_all_records,complete
core::time::Duration::from_micros,1,complete_all_records,complete
core::time::Duration::from_millis,1,complete_all_records,complete
core::time::Duration::from_mins,1,complete_all_records,complete
core::time::Duration::from_nanos,1,complete_all_records,complete
core::time::Duration::from_nanos_u128,1,complete_all_records,complete
core::time::Duration::from_secs,1,complete_all_records,complete
core::time::Duration::from_secs_f32,1,complete_all_records,complete
core::time::Duration::from_secs_f64,1,complete_all_records,complete
core::time::Duration::is_zero,1,complete_all_records,complete
core::time::Duration::mul_f32,1,complete_all_records,complete
core::time::Duration::mul_f64,1,complete_all_records,complete
core::time::Duration::new,1,complete_all_records,complete
core::time::Duration::saturating_add,1,complete_all_records,complete
core::time::Duration::saturating_mul,1,complete_all_records,complete
core::time::Duration::saturating_sub,1,complete_all_records,complete
core::time::Duration::subsec_micros,1,complete_all_records,complete
core::time::Duration::subsec_millis,1,complete_all_records,complete
core::time::Duration::subsec_nanos,1,complete_all_records,complete
core::time::Duration::try_from_secs_f32,1,complete_all_records,complete
core::time::Duration::try_from_secs_f64,1,complete_all_records,complete
core::u16::leading_ones,1,complete_all_records,complete
core::u16::leading_zeros,1,complete_all_records,complete
core::u16::trailing_ones,1,complete_all_records,complete
core::u16::trailing_zeros,1,complete_all_records,complete
core::u32::leading_ones,1,complete_all_records,complete
core::u32::leading_zeros,1,complete_all_records,complete
core::u32::trailing_ones,1,complete_all_records,complete
core::u32::trailing_zeros,1,complete_all_records,complete
core::u64::leading_ones,1,complete_all_records,complete
core::u64::leading_zeros,1,complete_all_records,complete
core::u64::trailing_ones,1,complete_all_records,complete
core::u64::trailing_zeros,1,complete_all_records,complete
core::u8::leading_ones,1,complete_all_records,complete
core::u8::leading_zeros,1,complete_all_records,complete
core::u8::trailing_ones,1,complete_all_records,complete
core::u8::trailing_zeros,1,complete_all_records,complete
std::collections::HashMap::clear,1,complete_all_records,complete
std::collections::HashMap::contains_key,2,unknown,unknown;unknown
std::collections::HashMap::entry,1,unknown,unknown
std::collections::HashMap::get,2,unknown,unknown;unknown
std::collections::HashMap::insert,1,unknown,unknown
std::collections::HashMap::is_empty,1,complete_all_records,complete
std::collections::HashMap::iter,1,unknown,unknown
std::collections::HashMap::keys,1,unknown,unknown
std::collections::HashMap::len,1,complete_all_records,complete
std::collections::HashMap::new,1,complete_all_records,complete
std::collections::HashMap::remove,2,unknown,unknown;unknown
std::collections::HashMap::reserve,1,complete_all_records,complete
std::collections::HashMap::values,1,unknown,unknown
std::collections::HashMap::with_capacity,1,complete_all_records,complete
std::collections::HashSet::clear,1,complete_all_records,complete
std::collections::HashSet::contains,2,unknown,unknown;unknown
std::collections::HashSet::get,2,unknown,unknown;unknown
std::collections::HashSet::insert,1,unknown,unknown
std::collections::HashSet::is_empty,1,complete_all_records,complete
std::collections::HashSet::iter,1,unknown,unknown
std::collections::HashSet::len,1,complete_all_records,complete
std::collections::HashSet::new,1,complete_all_records,complete
std::collections::HashSet::remove,2,unknown,unknown;unknown
std::collections::HashSet::reserve,1,complete_all_records,complete
std::collections::HashSet::with_capacity,1,complete_all_records,complete
std::collections::hash_map::DefaultHasher::finish,1,complete_all_records,complete
std::collections::hash_map::DefaultHasher::new,1,complete_all_records,complete
std::collections::hash_map::DefaultHasher::write,1,complete_all_records,complete
std::collections::hash_map::Entry::insert_entry,1,unknown,unknown
std::collections::hash_map::Entry::key,1,complete_all_records,complete
std::collections::hash_map::Entry::or_insert,1,checker_unsupported,checker_unsupported
std::collections::hash_map::OccupiedEntry::get,1,complete_all_records,complete
std::collections::hash_map::OccupiedEntry::get_mut,1,checker_unsupported,checker_unsupported
std::collections::hash_map::OccupiedEntry::insert,1,unknown,unknown
std::collections::hash_map::OccupiedEntry::into_mut,1,checker_unsupported,checker_unsupported
std::collections::hash_map::OccupiedEntry::key,1,complete_all_records,complete
std::collections::hash_map::OccupiedEntry::remove,1,complete_all_records,complete
std::collections::hash_map::OccupiedEntry::remove_entry,1,complete_all_records,complete
std::collections::hash_map::VacantEntry::insert,1,checker_unsupported,checker_unsupported
std::collections::hash_map::VacantEntry::insert_entry,1,unknown,unknown
std::collections::hash_map::VacantEntry::into_key,1,complete_all_records,complete
std::collections::hash_map::VacantEntry::key,1,complete_all_records,complete
