id,api_path,raw_target,source_file,source_line,category,status,r0_z3,classification,equal_fn_trivial
array.rs__L116__a__T__N__as__core__iter__IntoIterator__into_iter,core::iter::IntoIterator::into_iter,<&'a [T; N] as core::iter::IntoIterator>::into_iter,array.rs,116,complete,ok,unsat,complete,False
array.rs__L120__a__T__N__as__core__iter__IntoIterator__into_iter,core::iter::IntoIterator::into_iter,<&'a [T; N] as core::iter::IntoIterator>::into_iter,array.rs,120,complete,ok,unsat,complete,False
array.rs__L143__T__N__as_slice,core::array::as_slice,<[T; N]>::as_slice,array.rs,143,complete,ok,unsat,complete,False
float.rs__L100__f64__as__Clone__clone,core::clone::Clone::clone,<f64 as Clone>::clone,float.rs,100,complete,ok,unsat,complete,False
float.rs__L95__f32__as__Clone__clone,core::clone::Clone::clone,<f32 as Clone>::clone,float.rs,95,complete,ok,unsat,complete,False
layout.rs__L101__core__mem__align_of_val__V,core::mem::align_of_val,core::mem::align_of_val::<V>,layout.rs,101,complete,ok,unsat,complete,False
layout.rs__L77__core__mem__size_of__V,core::mem::size_of,core::mem::size_of::<V>,layout.rs,77,complete,ok,unsat,complete,False
layout.rs__L85__core__mem__align_of__V,core::mem::align_of,core::mem::align_of::<V>,layout.rs,85,complete,ok,unsat,complete,False
layout.rs__L93__core__mem__size_of_val__V,core::mem::size_of_val,core::mem::size_of_val::<V>,layout.rs,93,complete,ok,unsat,complete,False
raw_ptr.rs__L198__mut__T__as__PartialEq__mut__T__eq,core::cmp::PartialEq::eq,<*mut T as PartialEq<*mut T>>::eq,raw_ptr.rs,198,complete,ok,unsat,complete,False
raw_ptr.rs__L221__const__T__as__PartialEq__const__T__eq,core::cmp::PartialEq::eq,<*const T as PartialEq<*const T>>::eq,raw_ptr.rs,221,complete,ok,unsat,complete,False
raw_ptr.rs__L401__core__ptr__null,core::ptr::null,core::ptr::null,raw_ptr.rs,401,trivial_equality,ok,unsat,invalid_equal_fn_trivial,True
raw_ptr.rs__L403__core__ptr__null,core::ptr::null,core::ptr::null,raw_ptr.rs,403,trivial_equality,ok,unsat,invalid_equal_fn_trivial,True
raw_ptr.rs__L422__core__ptr__null_mut,core::ptr::null_mut,core::ptr::null_mut,raw_ptr.rs,422,trivial_equality,ok,unsat,invalid_equal_fn_trivial,True
raw_ptr.rs__L424__core__ptr__null_mut,core::ptr::null_mut,core::ptr::null_mut,raw_ptr.rs,424,trivial_equality,ok,unsat,invalid_equal_fn_trivial,True
slice.rs__L133__T__get__I,core::slice::get,<[T]>::get::<I>,slice.rs,133,complete,ok,unsat,complete,False
slice.rs__L83__T__len,core::slice::len,<[T]>::len,slice.rs,83,complete,ok,unsat,complete,False
slice.rs__L93__T__is_empty,core::slice::is_empty,<[T]>::is_empty,slice.rs,93,complete,ok,unsat,complete,False
std_specs__alloc.rs__L15__alloc__boxed__box_assume_init_into_vec_unsafe,alloc::boxed::box_assume_init_into_vec_unsafe,alloc::boxed::box_assume_init_into_vec_unsafe,std_specs/alloc.rs,15,complete,ok,unsat,complete,False
std_specs__alloc.rs__L26__alloc__intrinsics__write_box_via_move,alloc::intrinsics::write_box_via_move,alloc::intrinsics::write_box_via_move,std_specs/alloc.rs,26,unknown,ok,unknown,ok_inconclusive,False
std_specs__alloc.rs__L36__alloc__boxed__Box__T__new_uninit,alloc::boxed::Box::new_uninit,alloc::boxed::Box::<T>::new_uninit,std_specs/alloc.rs,36,no_local_postcondition,no_ensures,,,False
std_specs__bits.rs__L218__u16__trailing_zeros,core::u16::trailing_zeros,u16::trailing_zeros,std_specs/bits.rs,218,complete,ok,unsat,complete,False
std_specs__bits.rs__L224__u16__trailing_ones,core::u16::trailing_ones,u16::trailing_ones,std_specs/bits.rs,224,complete,ok,unsat,complete,False
std_specs__bits.rs__L230__u16__leading_zeros,core::u16::leading_zeros,u16::leading_zeros,std_specs/bits.rs,230,complete,ok,unsat,complete,False
std_specs__bits.rs__L236__u16__leading_ones,core::u16::leading_ones,u16::leading_ones,std_specs/bits.rs,236,complete,ok,unsat,complete,False
std_specs__bits.rs__L394__u32__trailing_zeros,core::u32::trailing_zeros,u32::trailing_zeros,std_specs/bits.rs,394,complete,ok,unsat,complete,False
std_specs__bits.rs__L400__u32__trailing_ones,core::u32::trailing_ones,u32::trailing_ones,std_specs/bits.rs,400,complete,ok,unsat,complete,False
std_specs__bits.rs__L406__u32__leading_zeros,core::u32::leading_zeros,u32::leading_zeros,std_specs/bits.rs,406,complete,ok,unsat,complete,False
std_specs__bits.rs__L412__u32__leading_ones,core::u32::leading_ones,u32::leading_ones,std_specs/bits.rs,412,complete,ok,unsat,complete,False
std_specs__bits.rs__L48__u8__trailing_zeros,core::u8::trailing_zeros,u8::trailing_zeros,std_specs/bits.rs,48,complete,ok,unsat,complete,False
std_specs__bits.rs__L54__u8__trailing_ones,core::u8::trailing_ones,u8::trailing_ones,std_specs/bits.rs,54,complete,ok,unsat,complete,False
std_specs__bits.rs__L571__u64__trailing_zeros,core::u64::trailing_zeros,u64::trailing_zeros,std_specs/bits.rs,571,complete,ok,unsat,complete,False
std_specs__bits.rs__L577__u64__trailing_ones,core::u64::trailing_ones,u64::trailing_ones,std_specs/bits.rs,577,complete,ok,unsat,complete,False
std_specs__bits.rs__L583__u64__leading_zeros,core::u64::leading_zeros,u64::leading_zeros,std_specs/bits.rs,583,complete,ok,unsat,complete,False
std_specs__bits.rs__L589__u64__leading_ones,core::u64::leading_ones,u64::leading_ones,std_specs/bits.rs,589,complete,ok,unsat,complete,False
std_specs__bits.rs__L60__u8__leading_zeros,core::u8::leading_zeros,u8::leading_zeros,std_specs/bits.rs,60,complete,ok,unsat,complete,False
std_specs__bits.rs__L66__u8__leading_ones,core::u8::leading_ones,u8::leading_ones,std_specs/bits.rs,66,complete,ok,unsat,complete,False
std_specs__btree.rs__L204__BTreeMap__Key__Value__A__iter,alloc::collections::BTreeMap::iter,"BTreeMap::<Key, Value, A>::iter",std_specs/btree.rs,204,unknown,ok,unknown,ok_inconclusive,False
std_specs__btree.rs__L376__BTreeMap__Key__Value__A__len,alloc::collections::BTreeMap::len,"BTreeMap::<Key, Value, A>::len",std_specs/btree.rs,376,complete,ok,unsat,complete,False
std_specs__btree.rs__L383__BTreeMap__Key__Value__A__is_empty,alloc::collections::BTreeMap::is_empty,"BTreeMap::<Key, Value, A>::is_empty",std_specs/btree.rs,383,complete,ok,unsat,complete,False
std_specs__btree.rs__L390__BTreeMap__K__V__A__as__Clone__clone,core::clone::Clone::clone,"<BTreeMap::<
    K,
    V,
    A,
> as Clone>::clone",std_specs/btree.rs,390,complete,ok,unsat,complete,False
std_specs__btree.rs__L399__BTreeMap__Key__Value__new,alloc::collections::BTreeMap::new,"BTreeMap::<Key, Value>::new",std_specs/btree.rs,399,complete,ok,unsat,complete,False
std_specs__btree.rs__L404__BTreeMap__K__V__as__core__default__Default__default,core::default::Default::default,"<BTreeMap<K, V> as core::default::Default>::default",std_specs/btree.rs,404,complete,ok,unsat,complete,False
std_specs__btree.rs__L410__BTreeMap__Key__Value__A__insert,alloc::collections::BTreeMap::insert,"BTreeMap::<
    Key,
    Value,
    A,
>::insert",std_specs/btree.rs,410,unknown,ok,unknown,ok_inconclusive,False
std_specs__btree.rs__L456__BTreeMap__Key__Value__A__contains_key__Q,alloc::collections::BTreeMap::contains_key,"BTreeMap::<Key, Value, A>::contains_key::<Q>",std_specs/btree.rs,456,unknown,ok,unknown,ok_inconclusive,False
std_specs__btree.rs__L461__BTreeMap__Key__Value__A__contains_key__Q,alloc::collections::BTreeMap::contains_key,"BTreeMap::<Key, Value, A>::contains_key::<Q>",std_specs/btree.rs,461,unknown,ok,unknown,ok_inconclusive,False
std_specs__btree.rs__L504__BTreeMap__Key__Value__A__get__Q,alloc::collections::BTreeMap::get,"BTreeMap::<Key, Value, A>::get::<Q>",std_specs/btree.rs,504,unknown,ok,unknown,ok_inconclusive,False
std_specs__btree.rs__L510__BTreeMap__Key__Value__A__get__Q,alloc::collections::BTreeMap::get,"BTreeMap::<Key, Value, A>::get::<Q>",std_specs/btree.rs,510,unknown,ok,unknown,ok_inconclusive,False
std_specs__btree.rs__L562__BTreeMap__Key__Value__A__remove__Q,alloc::collections::BTreeMap::remove,"BTreeMap::<Key, Value, A>::remove::<Q>",std_specs/btree.rs,562,unknown,ok,unknown,ok_inconclusive,False
std_specs__btree.rs__L567__BTreeMap__Key__Value__A__remove__Q,alloc::collections::BTreeMap::remove,"BTreeMap::<Key, Value, A>::remove::<Q>",std_specs/btree.rs,567,unknown,ok,unknown,ok_inconclusive,False
std_specs__btree.rs__L579__BTreeMap__Key__Value__A__clear,alloc::collections::BTreeMap::clear,"BTreeMap::<Key, Value, A>::clear",std_specs/btree.rs,579,complete,ok,unsat,complete,False
std_specs__btree.rs__L609__BTreeMap__Key__Value__A__keys,alloc::collections::BTreeMap::keys,"BTreeMap::<Key, Value, A>::keys",std_specs/btree.rs,609,unknown,ok,unknown,ok_inconclusive,False
std_specs__btree.rs__L641__BTreeMap__Key__Value__A__values,alloc::collections::BTreeMap::values,"BTreeMap::<Key, Value, A>::values",std_specs/btree.rs,641,unknown,ok,unknown,ok_inconclusive,False
std_specs__btree.rs__L739__BTreeSet__Key__A__len,alloc::collections::BTreeSet::len,"BTreeSet::<Key, A>::len",std_specs/btree.rs,739,complete,ok,unsat,complete,False
std_specs__btree.rs__L746__BTreeSet__Key__A__is_empty,alloc::collections::BTreeSet::is_empty,"BTreeSet::<Key, A>::is_empty",std_specs/btree.rs,746,complete,ok,unsat,complete,False
std_specs__btree.rs__L753__BTreeSet__K__A__as__Clone__clone,core::clone::Clone::clone,"<BTreeSet::<K, A> as Clone>::clone",std_specs/btree.rs,753,complete,ok,unsat,complete,False
std_specs__btree.rs__L760__BTreeSet__Key__new,alloc::collections::BTreeSet::new,BTreeSet::<Key>::new,std_specs/btree.rs,760,complete,ok,unsat,complete,False
std_specs__btree.rs__L765__BTreeSet__T__as__core__default__Default__default,core::default::Default::default,<BTreeSet<T> as core::default::Default>::default,std_specs/btree.rs,765,complete,ok,unsat,complete,False
std_specs__btree.rs__L772__BTreeSet__Key__A__insert,alloc::collections::BTreeSet::insert,"BTreeSet::<Key, A>::insert",std_specs/btree.rs,772,unknown,ok,unknown,ok_inconclusive,False
std_specs__btree.rs__L809__BTreeSet__Key__A__contains,alloc::collections::BTreeSet::contains,"BTreeSet::<
    Key,
    A,
>::contains",std_specs/btree.rs,809,unknown,ok,unknown,ok_inconclusive,False
std_specs__btree.rs__L848__BTreeSet__Key__A__get__Q,alloc::collections::BTreeSet::get,"BTreeSet::<Key, A>::get::<Q>",std_specs/btree.rs,848,unknown,ok,unknown,ok_inconclusive,False
std_specs__btree.rs__L853__BTreeSet__Key__A__get__Q,alloc::collections::BTreeSet::get,"BTreeSet::<Key, A>::get::<Q>",std_specs/btree.rs,853,unknown,ok,unknown,ok_inconclusive,False
std_specs__btree.rs__L894__BTreeSet__Key__A__remove__Q,alloc::collections::BTreeSet::remove,"BTreeSet::<
    Key,
    A,
>::remove::<Q>",std_specs/btree.rs,894,unknown,ok,unknown,ok_inconclusive,False
std_specs__btree.rs__L905__BTreeSet__Key__A__clear,alloc::collections::BTreeSet::clear,"BTreeSet::<Key, A>::clear",std_specs/btree.rs,905,complete,ok,unsat,complete,False
std_specs__btree.rs__L935__BTreeSet__Key__A__iter,alloc::collections::BTreeSet::iter,"BTreeSet::<Key, A>::iter",std_specs/btree.rs,935,unknown,ok,unknown,ok_inconclusive,False
std_specs__capacity.rs__L100__String__try_reserve,alloc::string::String::try_reserve,String::try_reserve,std_specs/capacity.rs,100,unknown,ok,unknown,ok_inconclusive,False
std_specs__capacity.rs__L107__String__try_reserve_exact,alloc::string::String::try_reserve_exact,String::try_reserve_exact,std_specs/capacity.rs,107,unknown,ok,unknown,ok_inconclusive,False
std_specs__capacity.rs__L114__String__shrink_to_fit,alloc::string::String::shrink_to_fit,String::shrink_to_fit,std_specs/capacity.rs,114,complete,ok,unsat,complete,False
std_specs__capacity.rs__L121__String__shrink_to,alloc::string::String::shrink_to,String::shrink_to,std_specs/capacity.rs,121,complete,ok,unsat,complete,False
std_specs__capacity.rs__L128__VecDeque__T__A__capacity,alloc::collections::VecDeque::capacity,"VecDeque::<T, A>::capacity",std_specs/capacity.rs,128,complete,ok,unsat,complete,False
std_specs__capacity.rs__L135__VecDeque__T__A__try_reserve,alloc::collections::VecDeque::try_reserve,"VecDeque::<T, A>::try_reserve",std_specs/capacity.rs,135,unknown,ok,unknown,ok_inconclusive,False
std_specs__capacity.rs__L144__VecDeque__T__A__shrink_to_fit,alloc::collections::VecDeque::shrink_to_fit,"VecDeque::<T, A>::shrink_to_fit",std_specs/capacity.rs,144,complete,ok,unsat,complete,False
std_specs__capacity.rs__L151__VecDeque__T__A__shrink_to,alloc::collections::VecDeque::shrink_to,"VecDeque::<T, A>::shrink_to",std_specs/capacity.rs,151,complete,ok,unsat,complete,False
std_specs__capacity.rs__L161__BinaryHeap__T__A__capacity,alloc::collections::BinaryHeap::capacity,"BinaryHeap::<T, A>::capacity",std_specs/capacity.rs,161,complete,ok,unsat,complete,False
std_specs__capacity.rs__L168__BinaryHeap__T__with_capacity,alloc::collections::BinaryHeap::with_capacity,BinaryHeap::<T>::with_capacity,std_specs/capacity.rs,168,complete,ok,unsat,complete,False
std_specs__capacity.rs__L175__BinaryHeap__T__A__reserve,alloc::collections::BinaryHeap::reserve,"BinaryHeap::<T, A>::reserve",std_specs/capacity.rs,175,complete,ok,unsat,complete,False
std_specs__capacity.rs__L184__BinaryHeap__T__A__reserve_exact,alloc::collections::BinaryHeap::reserve_exact,"BinaryHeap::<T, A>::reserve_exact",std_specs/capacity.rs,184,complete,ok,unsat,complete,False
std_specs__capacity.rs__L193__BinaryHeap__T__A__try_reserve,alloc::collections::BinaryHeap::try_reserve,"BinaryHeap::<T, A>::try_reserve",std_specs/capacity.rs,193,unknown,ok,unknown,ok_inconclusive,False
std_specs__capacity.rs__L202__BinaryHeap__T__A__try_reserve_exact,alloc::collections::BinaryHeap::try_reserve_exact,"BinaryHeap::<T, A>::try_reserve_exact",std_specs/capacity.rs,202,unknown,ok,unknown,ok_inconclusive,False
std_specs__capacity.rs__L211__BinaryHeap__T__A__shrink_to_fit,alloc::collections::BinaryHeap::shrink_to_fit,"BinaryHeap::<T, A>::shrink_to_fit",std_specs/capacity.rs,211,complete,ok,unsat,complete,False
std_specs__capacity.rs__L220__BinaryHeap__T__A__shrink_to,alloc::collections::BinaryHeap::shrink_to,"BinaryHeap::<T, A>::shrink_to",std_specs/capacity.rs,220,complete,ok,unsat,complete,False
std_specs__capacity.rs__L37__Vec__T__A__capacity,alloc::vec::Vec::capacity,"Vec::<T, A>::capacity",std_specs/capacity.rs,37,complete,ok,unsat,complete,False
std_specs__capacity.rs__L42__Vec__T__A__reserve_exact,alloc::vec::Vec::reserve_exact,"Vec::<T, A>::reserve_exact",std_specs/capacity.rs,42,complete,ok,unsat,complete,False
std_specs__capacity.rs__L51__Vec__T__A__try_reserve_exact,alloc::vec::Vec::try_reserve_exact,"Vec::<T, A>::try_reserve_exact",std_specs/capacity.rs,51,unknown,ok,unknown,ok_inconclusive,False
std_specs__capacity.rs__L60__Vec__T__A__shrink_to_fit,alloc::vec::Vec::shrink_to_fit,"Vec::<T, A>::shrink_to_fit",std_specs/capacity.rs,60,complete,ok,unsat,complete,False
std_specs__capacity.rs__L67__Vec__T__A__shrink_to,alloc::vec::Vec::shrink_to,"Vec::<T, A>::shrink_to",std_specs/capacity.rs,67,complete,ok,unsat,complete,False
std_specs__capacity.rs__L77__String__capacity,alloc::string::String::capacity,String::capacity,std_specs/capacity.rs,77,complete,ok,unsat,complete,False
std_specs__capacity.rs__L82__String__with_capacity,alloc::string::String::with_capacity,String::with_capacity,std_specs/capacity.rs,82,complete,ok,unsat,complete,False
std_specs__capacity.rs__L88__String__reserve,alloc::string::String::reserve,String::reserve,std_specs/capacity.rs,88,complete,ok,unsat,complete,False
std_specs__capacity.rs__L94__String__reserve_exact,alloc::string::String::reserve_exact,String::reserve_exact,std_specs/capacity.rs,94,complete,ok,unsat,complete,False
std_specs__clone.rs__L26__bool__as__Clone__clone,core::clone::Clone::clone,<bool as Clone>::clone,std_specs/clone.rs,26,complete,ok,unsat,complete,False
std_specs__clone.rs__L31__char__as__Clone__clone,core::clone::Clone::clone,<char as Clone>::clone,std_specs/clone.rs,31,complete,ok,unsat,complete,False
std_specs__clone.rs__L37__b__T__as__Clone__clone,core::clone::Clone::clone,<&'b T as Clone>::clone,std_specs/clone.rs,37,complete,ok,unsat,complete,False
std_specs__clone.rs__L44__T__N__as__Clone__clone,core::clone::Clone::clone,<[T; N] as Clone>::clone,std_specs/clone.rs,44,unknown,ok,unknown,ok_inconclusive,False
std_specs__clone.rs__L61__Tracked__T__as__Clone__clone,core::clone::Clone::clone,<Tracked<T> as Clone>::clone,std_specs/clone.rs,61,complete,ok,unsat,complete,False
std_specs__clone.rs__L68__Ghost__T__as__Clone__clone,core::clone::Clone::clone,<Ghost<T> as Clone>::clone,std_specs/clone.rs,68,complete,ok,unsat,complete,False
std_specs__cmp.rs__L250__bool__as__PartialEq__bool__eq,core::cmp::PartialEq::eq,<bool as PartialEq<bool>>::eq,std_specs/cmp.rs,250,no_local_postcondition,no_ensures,,,False
std_specs__cmp.rs__L252__bool__as__PartialEq__bool__ne,core::cmp::PartialEq::ne,<bool as PartialEq<bool>>::ne,std_specs/cmp.rs,252,no_local_postcondition,no_ensures,,,False
std_specs__cmp.rs__L279__f32__as__PartialEq__f32__eq,core::cmp::PartialEq::eq,<f32 as PartialEq<f32>>::eq,std_specs/cmp.rs,279,unknown,ok,unknown,ok_inconclusive,False
std_specs__cmp.rs__L285__f32__as__PartialEq__f32__ne,core::cmp::PartialEq::ne,<f32 as PartialEq<f32>>::ne,std_specs/cmp.rs,285,unknown,ok,unknown,ok_inconclusive,False
std_specs__cmp.rs__L290__f32__as__PartialOrd__f32__partial_cmp,core::cmp::PartialOrd::partial_cmp,<f32 as PartialOrd<f32>>::partial_cmp,std_specs/cmp.rs,290,unknown,ok,unknown,ok_inconclusive,False
std_specs__cmp.rs__L295__f32__as__PartialOrd__f32__lt,core::cmp::PartialOrd::lt,<f32 as PartialOrd<f32>>::lt,std_specs/cmp.rs,295,unknown,ok,unknown,ok_inconclusive,False
std_specs__cmp.rs__L300__f32__as__PartialOrd__f32__le,core::cmp::PartialOrd::le,<f32 as PartialOrd<f32>>::le,std_specs/cmp.rs,300,unknown,ok,unknown,ok_inconclusive,False
std_specs__cmp.rs__L305__f32__as__PartialOrd__f32__gt,core::cmp::PartialOrd::gt,<f32 as PartialOrd<f32>>::gt,std_specs/cmp.rs,305,unknown,ok,unknown,ok_inconclusive,False
std_specs__cmp.rs__L310__f32__as__PartialOrd__f32__ge,core::cmp::PartialOrd::ge,<f32 as PartialOrd<f32>>::ge,std_specs/cmp.rs,310,unknown,ok,unknown,ok_inconclusive,False
std_specs__cmp.rs__L316__f64__as__PartialEq__f64__eq,core::cmp::PartialEq::eq,<f64 as PartialEq<f64>>::eq,std_specs/cmp.rs,316,unknown,ok,unknown,ok_inconclusive,False
std_specs__cmp.rs__L322__f64__as__PartialEq__f64__ne,core::cmp::PartialEq::ne,<f64 as PartialEq<f64>>::ne,std_specs/cmp.rs,322,unknown,ok,unknown,ok_inconclusive,False
std_specs__cmp.rs__L327__f64__as__PartialOrd__f64__partial_cmp,core::cmp::PartialOrd::partial_cmp,<f64 as PartialOrd<f64>>::partial_cmp,std_specs/cmp.rs,327,unknown,ok,unknown,ok_inconclusive,False
std_specs__cmp.rs__L332__f64__as__PartialOrd__f64__lt,core::cmp::PartialOrd::lt,<f64 as PartialOrd<f64>>::lt,std_specs/cmp.rs,332,unknown,ok,unknown,ok_inconclusive,False
std_specs__cmp.rs__L337__f64__as__PartialOrd__f64__le,core::cmp::PartialOrd::le,<f64 as PartialOrd<f64>>::le,std_specs/cmp.rs,337,unknown,ok,unknown,ok_inconclusive,False
std_specs__cmp.rs__L342__f64__as__PartialOrd__f64__gt,core::cmp::PartialOrd::gt,<f64 as PartialOrd<f64>>::gt,std_specs/cmp.rs,342,unknown,ok,unknown,ok_inconclusive,False
std_specs__cmp.rs__L347__f64__as__PartialOrd__f64__ge,core::cmp::PartialOrd::ge,<f64 as PartialOrd<f64>>::ge,std_specs/cmp.rs,347,unknown,ok,unknown,ok_inconclusive,False
std_specs__cmp.rs__L367__a__A__as__PartialEq__B__eq,core::cmp::PartialEq::eq,<&'a A as PartialEq<&B>>::eq,std_specs/cmp.rs,367,no_local_postcondition,no_ensures,,,False
std_specs__cmp.rs__L375__a__A__as__PartialEq__B__ne,core::cmp::PartialEq::ne,<&'a A as PartialEq<&B>>::ne,std_specs/cmp.rs,375,no_local_postcondition,no_ensures,,,False
std_specs__cmp.rs__L396__a__A__as__PartialOrd__B__partial_cmp,core::cmp::PartialOrd::partial_cmp,<&'a A as PartialOrd<&B>>::partial_cmp,std_specs/cmp.rs,396,no_local_postcondition,no_ensures,,,False
std_specs__cmp.rs__L404__a__A__as__PartialOrd__B__lt,core::cmp::PartialOrd::lt,<&'a A as PartialOrd<&B>>::lt,std_specs/cmp.rs,404,no_local_postcondition,no_ensures,,,False
std_specs__cmp.rs__L412__a__A__as__PartialOrd__B__le,core::cmp::PartialOrd::le,<&'a A as PartialOrd<&B>>::le,std_specs/cmp.rs,412,no_local_postcondition,no_ensures,,,False
std_specs__cmp.rs__L420__a__A__as__PartialOrd__B__gt,core::cmp::PartialOrd::gt,<&'a A as PartialOrd<&B>>::gt,std_specs/cmp.rs,420,no_local_postcondition,no_ensures,,,False
std_specs__cmp.rs__L428__a__A__as__PartialOrd__B__ge,core::cmp::PartialOrd::ge,<&'a A as PartialOrd<&B>>::ge,std_specs/cmp.rs,428,no_local_postcondition,no_ensures,,,False
std_specs__cmp.rs__L446__a__A__as__Ord__cmp,core::cmp::Ord::cmp,<&'a A as Ord>::cmp,std_specs/cmp.rs,446,no_local_postcondition,no_ensures,,,False
std_specs__collections_extra.rs__L103__BinaryHeap__T__A__peek,alloc::collections::BinaryHeap::peek,"BinaryHeap::<T, A>::peek",std_specs/collections_extra.rs,103,unknown,ok,unknown,ok_inconclusive,False
std_specs__collections_extra.rs__L111__BinaryHeap__T__A__as_slice,alloc::collections::BinaryHeap::as_slice,"BinaryHeap::<T, A>::as_slice",std_specs/collections_extra.rs,111,unknown,ok,unknown,ok_inconclusive,False
std_specs__collections_extra.rs__L118__BinaryHeap__T__A__into_vec,alloc::collections::BinaryHeap::into_vec,"BinaryHeap::<T, A>::into_vec",std_specs/collections_extra.rs,118,unknown,ok,unknown,ok_inconclusive,False
std_specs__collections_extra.rs__L125__BinaryHeap__T__A__into_sorted_vec,alloc::collections::BinaryHeap::into_sorted_vec,"BinaryHeap::<T, A>::into_sorted_vec",std_specs/collections_extra.rs,125,unknown,ok,unknown,ok_inconclusive,False
std_specs__collections_extra.rs__L132__LinkedList__T__new,alloc::collections::LinkedList::new,LinkedList::<T>::new,std_specs/collections_extra.rs,132,complete,ok,unsat,complete,False
std_specs__collections_extra.rs__L137__LinkedList__T__A__len,alloc::collections::LinkedList::len,"LinkedList::<T, A>::len",std_specs/collections_extra.rs,137,complete,ok,unsat,complete,False
std_specs__collections_extra.rs__L144__LinkedList__T__A__is_empty,alloc::collections::LinkedList::is_empty,"LinkedList::<T, A>::is_empty",std_specs/collections_extra.rs,144,complete,ok,unsat,complete,False
std_specs__collections_extra.rs__L151__LinkedList__T__A__contains,alloc::collections::LinkedList::contains,"LinkedList::<T, A>::contains",std_specs/collections_extra.rs,151,complete,ok,unsat,complete,False
std_specs__collections_extra.rs__L161__LinkedList__T__A__clear,alloc::collections::LinkedList::clear,"LinkedList::<T, A>::clear",std_specs/collections_extra.rs,161,complete,ok,unsat,complete,False
std_specs__collections_extra.rs__L166__LinkedList__T__A__push_front,alloc::collections::LinkedList::push_front,"LinkedList::<T, A>::push_front",std_specs/collections_extra.rs,166,complete,ok,unsat,complete,False
std_specs__collections_extra.rs__L174__LinkedList__T__A__push_back,alloc::collections::LinkedList::push_back,"LinkedList::<T, A>::push_back",std_specs/collections_extra.rs,174,complete,ok,unsat,complete,False
std_specs__collections_extra.rs__L182__LinkedList__T__A__pop_front,alloc::collections::LinkedList::pop_front,"LinkedList::<T, A>::pop_front",std_specs/collections_extra.rs,182,complete,ok,unsat,complete,False
std_specs__collections_extra.rs__L191__LinkedList__T__A__pop_back,alloc::collections::LinkedList::pop_back,"LinkedList::<T, A>::pop_back",std_specs/collections_extra.rs,191,complete,ok,unsat,complete,False
std_specs__collections_extra.rs__L200__LinkedList__T__A__front,alloc::collections::LinkedList::front,"LinkedList::<T, A>::front",std_specs/collections_extra.rs,200,complete,ok,unsat,complete,False
std_specs__collections_extra.rs__L208__LinkedList__T__A__back,alloc::collections::LinkedList::back,"LinkedList::<T, A>::back",std_specs/collections_extra.rs,208,complete,ok,unsat,complete,False
std_specs__collections_extra.rs__L216__LinkedList__T__append,alloc::collections::LinkedList::append,LinkedList::<T>::append,std_specs/collections_extra.rs,216,complete,ok,unsat,complete,False
std_specs__collections_extra.rs__L225__LinkedList__T__A__split_off,alloc::collections::LinkedList::split_off,"LinkedList::<T, A>::split_off",std_specs/collections_extra.rs,225,complete,ok,unsat,complete,False
std_specs__collections_extra.rs__L46__BinaryHeap__T__new,alloc::collections::BinaryHeap::new,BinaryHeap::<T>::new,std_specs/collections_extra.rs,46,complete,ok,unsat,complete,False
std_specs__collections_extra.rs__L51__BinaryHeap__T__A__len,alloc::collections::BinaryHeap::len,"BinaryHeap::<T, A>::len",std_specs/collections_extra.rs,51,complete,ok,unsat,complete,False
std_specs__collections_extra.rs__L58__BinaryHeap__T__A__is_empty,alloc::collections::BinaryHeap::is_empty,"BinaryHeap::<T, A>::is_empty",std_specs/collections_extra.rs,58,complete,ok,unsat,complete,False
std_specs__collections_extra.rs__L65__BinaryHeap__T__A__clear,alloc::collections::BinaryHeap::clear,"BinaryHeap::<T, A>::clear",std_specs/collections_extra.rs,65,complete,ok,unsat,complete,False
std_specs__collections_extra.rs__L70__BinaryHeap__T__A__push,alloc::collections::BinaryHeap::push,"BinaryHeap::<T, A>::push",std_specs/collections_extra.rs,70,complete,ok,unsat,complete,False
std_specs__collections_extra.rs__L78__BinaryHeap__T__A__append,alloc::collections::BinaryHeap::append,"BinaryHeap::<T, A>::append",std_specs/collections_extra.rs,78,complete,ok,unsat,complete,False
std_specs__collections_extra.rs__L87__BinaryHeap__T__A__pop,alloc::collections::BinaryHeap::pop,"BinaryHeap::<T, A>::pop",std_specs/collections_extra.rs,87,unknown,ok,unknown,ok_inconclusive,False
std_specs__control_flow.rs__L113__Result__T__F__from_residual,core::fmt::Result::from_residual,"Result::<T, F>::from_residual",std_specs/control_flow.rs,113,complete,ok,unsat,complete,False
std_specs__control_flow.rs__L18__Result__T__E__branch,core::fmt::Result::branch,"Result::<T, E>::branch",std_specs/control_flow.rs,18,complete,ok,unsat,complete,False
std_specs__control_flow.rs__L30__Option__T__branch,core::option::Option::branch,Option::<T>::branch,std_specs/control_flow.rs,30,complete,ok,unsat,complete,False
std_specs__control_flow.rs__L42__Option__T__from_residual,core::option::Option::from_residual,Option::<T>::from_residual,std_specs/control_flow.rs,42,complete,ok,unsat,complete,False
std_specs__control_flow.rs__L50__ControlFlow__B__C__is_break,core::ops::ControlFlow::is_break,"ControlFlow::<B, C>::is_break",std_specs/control_flow.rs,50,complete,ok,unsat,complete,False
std_specs__control_flow.rs__L57__ControlFlow__B__C__is_continue,core::ops::ControlFlow::is_continue,"ControlFlow::<B, C>::is_continue",std_specs/control_flow.rs,57,complete,ok,unsat,complete,False
std_specs__control_flow.rs__L64__ControlFlow__B__C__break_value,core::ops::ControlFlow::break_value,"ControlFlow::<B, C>::break_value",std_specs/control_flow.rs,64,complete,ok,unsat,complete,False
std_specs__control_flow.rs__L74__ControlFlow__B__C__continue_value,core::ops::ControlFlow::continue_value,"ControlFlow::<B, C>::continue_value",std_specs/control_flow.rs,74,complete,ok,unsat,complete,False
std_specs__control_flow.rs__L84__ControlFlow__B__C__break_ok,core::ops::ControlFlow::break_ok,"ControlFlow::<B, C>::break_ok",std_specs/control_flow.rs,84,complete,ok,unsat,complete,False
std_specs__control_flow.rs__L94__ControlFlow__B__C__continue_ok,core::ops::ControlFlow::continue_ok,"ControlFlow::<B, C>::continue_ok",std_specs/control_flow.rs,94,complete,ok,unsat,complete,False
std_specs__convert.rs__L101__T__as__TryInto__U__try_into,core::convert::TryInto::try_into,<T as TryInto<U>>::try_into,std_specs/convert.rs,101,checker_unsupported,unsupported_generic_output_view,,,False
std_specs__convert.rs__L109__T__as__TryFrom__U__try_from,core::convert::TryFrom::try_from,<T as TryFrom<U>>::try_from,std_specs/convert.rs,109,unknown,ok,unknown,ok_inconclusive,False
std_specs__convert.rs__L48__T__as__Into__U__into,core::convert::Into::into,<T as Into<U>>::into,std_specs/convert.rs,48,checker_unsupported,unsupported_generic_output_view,,,False
std_specs__core.rs__L132__core__mem__swap__T,core::mem::swap,core::mem::swap::<T>,std_specs/core.rs,132,complete,ok,unsat,complete,False
std_specs__core.rs__L165__core__intrinsics__likely,core::intrinsics::likely,core::intrinsics::likely,std_specs/core.rs,165,complete,ok,unsat,complete,False
std_specs__core.rs__L170__core__intrinsics__unlikely,core::intrinsics::unlikely,core::intrinsics::unlikely,std_specs/core.rs,170,complete,ok,unsat,complete,False
std_specs__core.rs__L175__bool__then,core::bool::then,bool::then,std_specs/core.rs,175,unknown,ok,unknown,ok_inconclusive,False
std_specs__default.rs__L46__Option__T__as__core__default__Default__default,core::default::Default::default,<Option<T> as core::default::Default>::default,std_specs/default.rs,46,complete,ok,unsat,complete,False
std_specs__default.rs__L51__a__str__as__core__default__Default__default,core::default::Default::default,<&'a str as core::default::Default>::default,std_specs/default.rs,51,complete,ok,unsat,complete,False
std_specs__default.rs__L56__core__marker__PhantomData__T__as__core__default__Default__default,core::default::Default::default,"<core::marker::PhantomData<
    T,
> as core::default::Default>::default",std_specs/default.rs,56,complete,ok,unsat,complete,False
std_specs__default.rs__L63__U__T__as__core__default__Default__default,core::default::Default::default,"<(
    U,
    T,
) as core::default::Default>::default",std_specs/default.rs,63,unknown,ok,unknown,ok_inconclusive,False
std_specs__default.rs__L72__V__U__T__as__core__default__Default__default,core::default::Default::default,"<(V, U, T) as core::default::Default>::default",std_specs/default.rs,72,unknown,ok,unknown,ok_inconclusive,False
std_specs__default.rs__L76__V__U__T__as__core__default__Default__default,core::default::Default::default,"<(V, U, T) as core::default::Default>::default",std_specs/default.rs,76,unknown,ok,unknown,ok_inconclusive,False
std_specs__duration.rs__L152__Duration__new,core::time::Duration::new,Duration::new,std_specs/duration.rs,152,complete,ok,unsat,complete,False
std_specs__duration.rs__L159__Duration__from_secs,core::time::Duration::from_secs,Duration::from_secs,std_specs/duration.rs,159,complete,ok,unsat,complete,False
std_specs__duration.rs__L164__Duration__from_millis,core::time::Duration::from_millis,Duration::from_millis,std_specs/duration.rs,164,complete,ok,unsat,complete,False
std_specs__duration.rs__L169__Duration__from_micros,core::time::Duration::from_micros,Duration::from_micros,std_specs/duration.rs,169,complete,ok,unsat,complete,False
std_specs__duration.rs__L174__Duration__from_nanos,core::time::Duration::from_nanos,Duration::from_nanos,std_specs/duration.rs,174,complete,ok,unsat,complete,False
std_specs__duration.rs__L179__Duration__from_nanos_u128,core::time::Duration::from_nanos_u128,Duration::from_nanos_u128,std_specs/duration.rs,179,complete,ok,unsat,complete,False
std_specs__duration.rs__L186__Duration__from_hours,core::time::Duration::from_hours,Duration::from_hours,std_specs/duration.rs,186,complete,ok,unsat,complete,False
std_specs__duration.rs__L193__Duration__from_mins,core::time::Duration::from_mins,Duration::from_mins,std_specs/duration.rs,193,complete,ok,unsat,complete,False
std_specs__duration.rs__L200__Duration__is_zero,core::time::Duration::is_zero,Duration::is_zero,std_specs/duration.rs,200,complete,ok,unsat,complete,False
std_specs__duration.rs__L205__Duration__as_secs,core::time::Duration::as_secs,Duration::as_secs,std_specs/duration.rs,205,complete,ok,unsat,complete,False
std_specs__duration.rs__L210__Duration__as_secs_f32,core::time::Duration::as_secs_f32,Duration::as_secs_f32,std_specs/duration.rs,210,complete,ok,unsat,complete,False
std_specs__duration.rs__L215__Duration__as_secs_f64,core::time::Duration::as_secs_f64,Duration::as_secs_f64,std_specs/duration.rs,215,complete,ok,unsat,complete,False
std_specs__duration.rs__L220__Duration__subsec_millis,core::time::Duration::subsec_millis,Duration::subsec_millis,std_specs/duration.rs,220,complete,ok,unsat,complete,False
std_specs__duration.rs__L225__Duration__subsec_micros,core::time::Duration::subsec_micros,Duration::subsec_micros,std_specs/duration.rs,225,complete,ok,unsat,complete,False
std_specs__duration.rs__L230__Duration__subsec_nanos,core::time::Duration::subsec_nanos,Duration::subsec_nanos,std_specs/duration.rs,230,complete,ok,unsat,complete,False
std_specs__duration.rs__L235__Duration__as_millis,core::time::Duration::as_millis,Duration::as_millis,std_specs/duration.rs,235,complete,ok,unsat,complete,False
std_specs__duration.rs__L240__Duration__as_micros,core::time::Duration::as_micros,Duration::as_micros,std_specs/duration.rs,240,complete,ok,unsat,complete,False
std_specs__duration.rs__L245__Duration__as_nanos,core::time::Duration::as_nanos,Duration::as_nanos,std_specs/duration.rs,245,complete,ok,unsat,complete,False
std_specs__duration.rs__L250__Duration__abs_diff,core::time::Duration::abs_diff,Duration::abs_diff,std_specs/duration.rs,250,complete,ok,unsat,complete,False
std_specs__duration.rs__L259__Duration__checked_add,core::time::Duration::checked_add,Duration::checked_add,std_specs/duration.rs,259,complete,ok,unsat,complete,False
std_specs__duration.rs__L268__Duration__saturating_add,core::time::Duration::saturating_add,Duration::saturating_add,std_specs/duration.rs,268,complete,ok,unsat,complete,False
std_specs__duration.rs__L278__Duration__checked_sub,core::time::Duration::checked_sub,Duration::checked_sub,std_specs/duration.rs,278,complete,ok,unsat,complete,False
std_specs__duration.rs__L286__Duration__saturating_sub,core::time::Duration::saturating_sub,Duration::saturating_sub,std_specs/duration.rs,286,complete,ok,unsat,complete,False
std_specs__duration.rs__L296__Duration__checked_mul,core::time::Duration::checked_mul,Duration::checked_mul,std_specs/duration.rs,296,complete,ok,unsat,complete,False
std_specs__duration.rs__L305__Duration__saturating_mul,core::time::Duration::saturating_mul,Duration::saturating_mul,std_specs/duration.rs,305,complete,ok,unsat,complete,False
std_specs__duration.rs__L314__Duration__checked_div,core::time::Duration::checked_div,Duration::checked_div,std_specs/duration.rs,314,complete,ok,unsat,complete,False
std_specs__duration.rs__L322__Duration__mul_f64,core::time::Duration::mul_f64,Duration::mul_f64,std_specs/duration.rs,322,complete,ok,unsat,complete,False
std_specs__duration.rs__L329__Duration__mul_f32,core::time::Duration::mul_f32,Duration::mul_f32,std_specs/duration.rs,329,complete,ok,unsat,complete,False
std_specs__duration.rs__L336__Duration__div_f64,core::time::Duration::div_f64,Duration::div_f64,std_specs/duration.rs,336,complete,ok,unsat,complete,False
std_specs__duration.rs__L343__Duration__div_f32,core::time::Duration::div_f32,Duration::div_f32,std_specs/duration.rs,343,complete,ok,unsat,complete,False
std_specs__duration.rs__L350__Duration__from_secs_f32,core::time::Duration::from_secs_f32,Duration::from_secs_f32,std_specs/duration.rs,350,complete,ok,unsat,complete,False
std_specs__duration.rs__L357__Duration__from_secs_f64,core::time::Duration::from_secs_f64,Duration::from_secs_f64,std_specs/duration.rs,357,complete,ok,unsat,complete,False
std_specs__duration.rs__L364__Duration__try_from_secs_f32,core::time::Duration::try_from_secs_f32,Duration::try_from_secs_f32,std_specs/duration.rs,364,complete,ok,unsat,complete,False
std_specs__duration.rs__L379__Duration__try_from_secs_f64,core::time::Duration::try_from_secs_f64,Duration::try_from_secs_f64,std_specs/duration.rs,379,complete,ok,unsat,complete,False
std_specs__duration.rs__L394__Duration__div_duration_f32,core::time::Duration::div_duration_f32,Duration::div_duration_f32,std_specs/duration.rs,394,unknown,ok,unknown,ok_inconclusive,False
std_specs__duration.rs__L403__Duration__div_duration_f64,core::time::Duration::div_duration_f64,Duration::div_duration_f64,std_specs/duration.rs,403,unknown,ok,unknown,ok_inconclusive,False
std_specs__ffi.rs__L159__CStr__count_bytes,core::ffi::CStr::count_bytes,CStr::count_bytes,std_specs/ffi.rs,159,complete,ok,unsat,complete,False
std_specs__ffi.rs__L164__CStr__is_empty,core::ffi::CStr::is_empty,CStr::is_empty,std_specs/ffi.rs,164,complete,ok,unsat,complete,False
std_specs__ffi.rs__L169__CStr__to_bytes,core::ffi::CStr::to_bytes,CStr::to_bytes,std_specs/ffi.rs,169,complete,ok,unsat,complete,False
std_specs__ffi.rs__L174__CStr__to_bytes_with_nul,core::ffi::CStr::to_bytes_with_nul,CStr::to_bytes_with_nul,std_specs/ffi.rs,174,complete,ok,unsat,complete,False
std_specs__ffi.rs__L179__CStr__from_bytes_with_nul,core::ffi::CStr::from_bytes_with_nul,CStr::from_bytes_with_nul,std_specs/ffi.rs,179,complete,ok,unsat,complete,False
std_specs__ffi.rs__L189__CStr__from_bytes_until_nul,core::ffi::CStr::from_bytes_until_nul,CStr::from_bytes_until_nul,std_specs/ffi.rs,189,complete,ok,unsat,complete,False
std_specs__ffi.rs__L201__CStr__to_str,core::ffi::CStr::to_str,CStr::to_str,std_specs/ffi.rs,201,complete,ok,unsat,complete,False
std_specs__ffi.rs__L210__core__str__Utf8Error__valid_up_to,core::str::Utf8Error::valid_up_to,core::str::Utf8Error::valid_up_to,std_specs/ffi.rs,210,complete,ok,unsat,complete,False
std_specs__ffi.rs__L217__core__str__Utf8Error__error_len,core::str::Utf8Error::error_len,core::str::Utf8Error::error_len,std_specs/ffi.rs,217,complete,ok,unsat,complete,False
std_specs__ffi.rs__L225__CString__as_bytes,alloc::ffi::CString::as_bytes,CString::as_bytes,std_specs/ffi.rs,225,complete,ok,unsat,complete,False
std_specs__ffi.rs__L231__CString__as_bytes_with_nul,alloc::ffi::CString::as_bytes_with_nul,CString::as_bytes_with_nul,std_specs/ffi.rs,231,complete,ok,unsat,complete,False
std_specs__ffi.rs__L237__CString__as_c_str,alloc::ffi::CString::as_c_str,CString::as_c_str,std_specs/ffi.rs,237,unknown,ok,unknown,ok_inconclusive,False
std_specs__ffi.rs__L243__CString__into_bytes,alloc::ffi::CString::into_bytes,CString::into_bytes,std_specs/ffi.rs,243,complete,ok,unsat,complete,False
std_specs__ffi.rs__L249__CString__into_bytes_with_nul,alloc::ffi::CString::into_bytes_with_nul,CString::into_bytes_with_nul,std_specs/ffi.rs,249,complete,ok,unsat,complete,False
std_specs__ffi.rs__L255__CString__into_boxed_c_str,alloc::ffi::CString::into_boxed_c_str,CString::into_boxed_c_str,std_specs/ffi.rs,255,complete,ok,unsat,complete,False
std_specs__ffi.rs__L261__CString__from_vec_with_nul,alloc::ffi::CString::from_vec_with_nul,CString::from_vec_with_nul,std_specs/ffi.rs,261,complete,ok,unsat,complete,False
std_specs__ffi.rs__L272__CString__into_string,alloc::ffi::CString::into_string,CString::into_string,std_specs/ffi.rs,272,complete,ok,unsat,complete,False
std_specs__ffi.rs__L282__FromUtf8Error__as_bytes,alloc::string::FromUtf8Error::as_bytes,FromUtf8Error::as_bytes,std_specs/ffi.rs,282,complete,ok,unsat,complete,False
std_specs__ffi.rs__L288__FromUtf8Error__into_bytes,alloc::string::FromUtf8Error::into_bytes,FromUtf8Error::into_bytes,std_specs/ffi.rs,288,complete,ok,unsat,complete,False
std_specs__ffi.rs__L294__FromUtf8Error__utf8_error,alloc::string::FromUtf8Error::utf8_error,FromUtf8Error::utf8_error,std_specs/ffi.rs,294,complete,ok,unsat,complete,False
std_specs__ffi.rs__L301__alloc__ffi__NulError__nul_position,alloc::ffi::NulError::nul_position,alloc::ffi::NulError::nul_position,std_specs/ffi.rs,301,complete,ok,unsat,complete,False
std_specs__ffi.rs__L309__alloc__ffi__NulError__into_vec,alloc::ffi::NulError::into_vec,alloc::ffi::NulError::into_vec,std_specs/ffi.rs,309,complete,ok,unsat,complete,False
std_specs__ffi.rs__L316__alloc__ffi__FromVecWithNulError__as_bytes,alloc::ffi::FromVecWithNulError::as_bytes,alloc::ffi::FromVecWithNulError::as_bytes,std_specs/ffi.rs,316,complete,ok,unsat,complete,False
std_specs__ffi.rs__L324__alloc__ffi__FromVecWithNulError__into_bytes,alloc::ffi::FromVecWithNulError::into_bytes,alloc::ffi::FromVecWithNulError::into_bytes,std_specs/ffi.rs,324,complete,ok,unsat,complete,False
std_specs__ffi.rs__L332__alloc__ffi__IntoStringError__into_cstring,alloc::ffi::IntoStringError::into_cstring,alloc::ffi::IntoStringError::into_cstring,std_specs/ffi.rs,332,complete,ok,unsat,complete,False
std_specs__ffi.rs__L340__alloc__ffi__IntoStringError__utf8_error,alloc::ffi::IntoStringError::utf8_error,alloc::ffi::IntoStringError::utf8_error,std_specs/ffi.rs,340,complete,ok,unsat,complete,False
std_specs__hash.rs__L1000__HashSet__Key__S__A__is_empty,std::collections::HashSet::is_empty,"HashSet::<Key, S, A>::is_empty",std_specs/hash.rs,1000,complete,ok,unsat,complete,False
std_specs__hash.rs__L1007__HashSet__Key__new,std::collections::HashSet::new,HashSet::<Key>::new,std_specs/hash.rs,1007,complete,ok,unsat,complete,False
std_specs__hash.rs__L1012__HashSet__T__S__as__core__default__Default__default,core::default::Default::default,"<HashSet<
    T,
    S,
> as core::default::Default>::default",std_specs/hash.rs,1012,complete,ok,unsat,complete,False
std_specs__hash.rs__L1020__HashSet__Key__with_capacity,std::collections::HashSet::with_capacity,HashSet::<Key>::with_capacity,std_specs/hash.rs,1020,complete,ok,unsat,complete,False
std_specs__hash.rs__L1028__HashSet__Key__S__A__reserve,std::collections::HashSet::reserve,"HashSet::<
    Key,
    S,
    A,
>::reserve",std_specs/hash.rs,1028,complete,ok,unsat,complete,False
std_specs__hash.rs__L1037__HashSet__Key__S__A__insert,std::collections::HashSet::insert,"HashSet::<
    Key,
    S,
    A,
>::insert",std_specs/hash.rs,1037,unknown,ok,unknown,ok_inconclusive,False
std_specs__hash.rs__L1079__HashSet__Key__S__A__contains,std::collections::HashSet::contains,"HashSet::<Key, S, A>::contains",std_specs/hash.rs,1079,unknown,ok,unknown,ok_inconclusive,False
std_specs__hash.rs__L1084__HashSet__Key__S__A__contains,std::collections::HashSet::contains,"HashSet::<Key, S, A>::contains",std_specs/hash.rs,1084,unknown,ok,unknown,ok_inconclusive,False
std_specs__hash.rs__L1124__HashSet__Key__S__A__get__Q,std::collections::HashSet::get,"HashSet::<Key, S, A>::get::<Q>",std_specs/hash.rs,1124,unknown,ok,unknown,ok_inconclusive,False
std_specs__hash.rs__L1130__HashSet__Key__S__A__get__Q,std::collections::HashSet::get,"HashSet::<Key, S, A>::get::<Q>",std_specs/hash.rs,1130,unknown,ok,unknown,ok_inconclusive,False
std_specs__hash.rs__L1175__HashSet__Key__S__A__remove__Q,std::collections::HashSet::remove,"HashSet::<Key, S, A>::remove::<Q>",std_specs/hash.rs,1175,unknown,ok,unknown,ok_inconclusive,False
std_specs__hash.rs__L1180__HashSet__Key__S__A__remove__Q,std::collections::HashSet::remove,"HashSet::<Key, S, A>::remove::<Q>",std_specs/hash.rs,1180,unknown,ok,unknown,ok_inconclusive,False
std_specs__hash.rs__L1188__HashSet__Key__S__A__clear,std::collections::HashSet::clear,"HashSet::<Key, S, A>::clear",std_specs/hash.rs,1188,complete,ok,unsat,complete,False
std_specs__hash.rs__L1216__HashSet__Key__S__A__iter,std::collections::HashSet::iter,"HashSet::<Key, S, A>::iter",std_specs/hash.rs,1216,unknown,ok,unknown,ok_inconclusive,False
std_specs__hash.rs__L1355__HashMap__Key__Value__S__A__entry,std::collections::HashMap::entry,"HashMap::<
    Key,
    Value,
    S,
    A,
>::entry",std_specs/hash.rs,1355,unknown,ok,unknown,ok_inconclusive,False
std_specs__hash.rs__L1371__Entry__key,std::collections::hash_map::Entry::key,Entry::key,std_specs/hash.rs,1371,complete,ok,unsat,complete,False
std_specs__hash.rs__L1378__Entry__or_insert,std::collections::hash_map::Entry::or_insert,Entry::or_insert,std_specs/hash.rs,1378,checker_unsupported,unsupported_mut_ref_return,,,False
std_specs__hash.rs__L1390__Entry__insert_entry,std::collections::hash_map::Entry::insert_entry,Entry::insert_entry,std_specs/hash.rs,1390,unknown,ok,unknown,ok_inconclusive,False
std_specs__hash.rs__L1406__OccupiedEntry__key,std::collections::hash_map::OccupiedEntry::key,OccupiedEntry::key,std_specs/hash.rs,1406,complete,ok,unsat,complete,False
std_specs__hash.rs__L1415__OccupiedEntry__remove_entry,std::collections::hash_map::OccupiedEntry::remove_entry,OccupiedEntry::remove_entry,std_specs/hash.rs,1415,complete,ok,unsat,complete,False
std_specs__hash.rs__L1424__OccupiedEntry__get,std::collections::hash_map::OccupiedEntry::get,OccupiedEntry::get,std_specs/hash.rs,1424,complete,ok,unsat,complete,False
std_specs__hash.rs__L1431__OccupiedEntry__get_mut,std::collections::hash_map::OccupiedEntry::get_mut,OccupiedEntry::get_mut,std_specs/hash.rs,1431,checker_unsupported,unsupported_mut_ref_return,,,False
std_specs__hash.rs__L1441__OccupiedEntry__into_mut,std::collections::hash_map::OccupiedEntry::into_mut,OccupiedEntry::into_mut,std_specs/hash.rs,1441,checker_unsupported,unsupported_mut_ref_return,,,False
std_specs__hash.rs__L1449__OccupiedEntry__insert,std::collections::hash_map::OccupiedEntry::insert,OccupiedEntry::insert,std_specs/hash.rs,1449,unknown,ok,unknown,ok_inconclusive,False
std_specs__hash.rs__L1460__OccupiedEntry__remove,std::collections::hash_map::OccupiedEntry::remove,OccupiedEntry::remove,std_specs/hash.rs,1460,complete,ok,unsat,complete,False
std_specs__hash.rs__L1474__VacantEntry__key,std::collections::hash_map::VacantEntry::key,VacantEntry::key,std_specs/hash.rs,1474,complete,ok,unsat,complete,False
std_specs__hash.rs__L1483__VacantEntry__into_key,std::collections::hash_map::VacantEntry::into_key,VacantEntry::into_key,std_specs/hash.rs,1483,complete,ok,unsat,complete,False
std_specs__hash.rs__L1491__VacantEntry__insert,std::collections::hash_map::VacantEntry::insert,VacantEntry::insert,std_specs/hash.rs,1491,checker_unsupported,unsupported_mut_ref_return,,,False
std_specs__hash.rs__L1500__VacantEntry__insert_entry,std::collections::hash_map::VacantEntry::insert_entry,VacantEntry::insert_entry,std_specs/hash.rs,1500,unknown,ok,unknown,ok_inconclusive,False
std_specs__hash.rs__L417__HashMap__Key__Value__S__A__iter,std::collections::HashMap::iter,"HashMap::<Key, Value, S, A>::iter",std_specs/hash.rs,417,unknown,ok,unknown,ok_inconclusive,False
std_specs__hash.rs__L598__HashMap__Key__Value__S__A__len,std::collections::HashMap::len,"HashMap::<Key, Value, S, A>::len",std_specs/hash.rs,598,complete,ok,unsat,complete,False
std_specs__hash.rs__L605__HashMap__Key__Value__S__A__is_empty,std::collections::HashMap::is_empty,"HashMap::<Key, Value, S, A>::is_empty",std_specs/hash.rs,605,complete,ok,unsat,complete,False
std_specs__hash.rs__L612__HashMap__K__V__S__A__as__Clone__clone,core::clone::Clone::clone,"<HashMap::<
    K,
    V,
    S,
    A,
> as Clone>::clone",std_specs/hash.rs,612,unknown,ok,unknown,ok_inconclusive,False
std_specs__hash.rs__L625__HashMap__Key__Value__new,std::collections::HashMap::new,"HashMap::<Key, Value>::new",std_specs/hash.rs,625,complete,ok,unsat,complete,False
std_specs__hash.rs__L634__HashMap__K__V__S__as__core__default__Default__default,core::default::Default::default,"<HashMap<
    K,
    V,
    S,
> as core::default::Default>::default",std_specs/hash.rs,634,complete,ok,unsat,complete,False
std_specs__hash.rs__L643__HashMap__Key__Value__with_capacity,std::collections::HashMap::with_capacity,"HashMap::<Key, Value>::with_capacity",std_specs/hash.rs,643,complete,ok,unsat,complete,False
std_specs__hash.rs__L649__HashMap__Key__Value__S__A__reserve,std::collections::HashMap::reserve,"HashMap::<
    Key,
    Value,
    S,
    A,
>::reserve",std_specs/hash.rs,649,complete,ok,unsat,complete,False
std_specs__hash.rs__L659__HashMap__Key__Value__S__A__insert,std::collections::HashMap::insert,"HashMap::<
    Key,
    Value,
    S,
    A,
>::insert",std_specs/hash.rs,659,unknown,ok,unknown,ok_inconclusive,False
std_specs__hash.rs__L710__HashMap__Key__Value__S__A__contains_key__Q,std::collections::HashMap::contains_key,"HashMap::<Key, Value, S, A>::contains_key::<Q>",std_specs/hash.rs,710,unknown,ok,unknown,ok_inconclusive,False
std_specs__hash.rs__L716__HashMap__Key__Value__S__A__contains_key__Q,std::collections::HashMap::contains_key,"HashMap::<Key, Value, S, A>::contains_key::<Q>",std_specs/hash.rs,716,unknown,ok,unknown,ok_inconclusive,False
std_specs__hash.rs__L72__DefaultHasher__new,std::collections::hash_map::DefaultHasher::new,DefaultHasher::new,std_specs/hash.rs,72,complete,ok,unsat,complete,False
std_specs__hash.rs__L768__HashMap__Key__Value__S__A__get__Q,std::collections::HashMap::get,"HashMap::<Key, Value, S, A>::get::<Q>",std_specs/hash.rs,768,unknown,ok,unknown,ok_inconclusive,False
std_specs__hash.rs__L775__HashMap__Key__Value__S__A__get__Q,std::collections::HashMap::get,"HashMap::<Key, Value, S, A>::get::<Q>",std_specs/hash.rs,775,unknown,ok,unknown,ok_inconclusive,False
std_specs__hash.rs__L78__DefaultHasher__write,std::collections::hash_map::DefaultHasher::write,DefaultHasher::write,std_specs/hash.rs,78,complete,ok,unsat,complete,False
std_specs__hash.rs__L830__HashMap__Key__Value__S__A__remove__Q,std::collections::HashMap::remove,"HashMap::<Key, Value, S, A>::remove::<Q>",std_specs/hash.rs,830,unknown,ok,unknown,ok_inconclusive,False
std_specs__hash.rs__L836__HashMap__Key__Value__S__A__remove__Q,std::collections::HashMap::remove,"HashMap::<Key, Value, S, A>::remove::<Q>",std_specs/hash.rs,836,unknown,ok,unknown,ok_inconclusive,False
std_specs__hash.rs__L848__HashMap__Key__Value__S__A__clear,std::collections::HashMap::clear,"HashMap::<Key, Value, S, A>::clear",std_specs/hash.rs,848,complete,ok,unsat,complete,False
std_specs__hash.rs__L84__DefaultHasher__finish,std::collections::hash_map::DefaultHasher::finish,DefaultHasher::finish,std_specs/hash.rs,84,complete,ok,unsat,complete,False
std_specs__hash.rs__L877__HashMap__Key__Value__S__A__keys,std::collections::HashMap::keys,"HashMap::<Key, Value, S, A>::keys",std_specs/hash.rs,877,unknown,ok,unknown,ok_inconclusive,False
std_specs__hash.rs__L909__HashMap__Key__Value__S__A__values,std::collections::HashMap::values,"HashMap::<Key, Value, S, A>::values",std_specs/hash.rs,909,unknown,ok,unknown,ok_inconclusive,False
std_specs__hash.rs__L993__HashSet__Key__S__A__len,std::collections::HashSet::len,"HashSet::<Key, S, A>::len",std_specs/hash.rs,993,complete,ok,unsat,complete,False
std_specs__iter.rs__L254__I__as__IntoIterator__into_iter,core::iter::IntoIterator::into_iter,<I as IntoIterator>::into_iter,std_specs/iter.rs,254,complete,ok,unsat,complete,False
std_specs__layout_value.rs__L107__Layout__pad_to_align,core::alloc::Layout::pad_to_align,Layout::pad_to_align,std_specs/layout_value.rs,107,complete,ok,unsat,complete,False
std_specs__layout_value.rs__L113__Layout__extend,core::alloc::Layout::extend,Layout::extend,std_specs/layout_value.rs,113,complete,ok,unsat,complete,False
std_specs__layout_value.rs__L143__Layout__extend_packed,core::alloc::Layout::extend_packed,Layout::extend_packed,std_specs/layout_value.rs,143,complete,ok,unsat,complete,False
std_specs__layout_value.rs__L161__Layout__repeat,core::alloc::Layout::repeat,Layout::repeat,std_specs/layout_value.rs,161,complete,ok,unsat,complete,False
std_specs__layout_value.rs__L197__Layout__repeat_packed,core::alloc::Layout::repeat_packed,Layout::repeat_packed,std_specs/layout_value.rs,197,complete,ok,unsat,complete,False
std_specs__layout_value.rs__L215__Layout__array__T,core::alloc::Layout::array,Layout::array::<T>,std_specs/layout_value.rs,215,complete,ok,unsat,complete,False
std_specs__layout_value.rs__L50__Layout__from_size_align,core::alloc::Layout::from_size_align,Layout::from_size_align,std_specs/layout_value.rs,50,complete,ok,unsat,complete,False
std_specs__layout_value.rs__L62__Layout__from_size_align_unchecked,core::alloc::Layout::from_size_align_unchecked,Layout::from_size_align_unchecked,std_specs/layout_value.rs,62,complete,ok,unsat,complete,False
std_specs__layout_value.rs__L70__Layout__size,core::alloc::Layout::size,Layout::size,std_specs/layout_value.rs,70,complete,ok,unsat,complete,False
std_specs__layout_value.rs__L75__Layout__align,core::alloc::Layout::align,Layout::align,std_specs/layout_value.rs,75,complete,ok,unsat,complete,False
std_specs__layout_value.rs__L80__Layout__new__T,core::alloc::Layout::new,Layout::new::<T>,std_specs/layout_value.rs,80,complete,ok,unsat,complete,False
std_specs__layout_value.rs__L85__Layout__for_value__T,core::alloc::Layout::for_value,Layout::for_value::<T>,std_specs/layout_value.rs,85,complete,ok,unsat,complete,False
std_specs__layout_value.rs__L93__Layout__align_to,core::alloc::Layout::align_to,Layout::align_to,std_specs/layout_value.rs,93,complete,ok,unsat,complete,False
std_specs__location.rs__L26__Location__file,core::panic::Location::file,Location::file,std_specs/location.rs,26,complete,ok,unsat,complete,False
std_specs__location.rs__L31__Location__file_as_c_str,core::panic::Location::file_as_c_str,Location::file_as_c_str,std_specs/location.rs,31,complete,ok,unsat,complete,False
std_specs__location.rs__L37__Location__line,core::panic::Location::line,Location::line,std_specs/location.rs,37,complete,ok,unsat,complete,False
std_specs__location.rs__L42__Location__column,core::panic::Location::column,Location::column,std_specs/location.rs,42,complete,ok,unsat,complete,False
std_specs__manually_drop.rs__L30__ManuallyDrop__T__new,core::mem::ManuallyDrop::new,ManuallyDrop::<T>::new,std_specs/manually_drop.rs,30,complete,ok,unsat,complete,False
std_specs__manually_drop.rs__L35__ManuallyDrop__T__into_inner,core::mem::ManuallyDrop::into_inner,ManuallyDrop::<T>::into_inner,std_specs/manually_drop.rs,35,complete,ok,unsat,complete,False
std_specs__manually_drop.rs__L40__ManuallyDrop__T__as__Clone__clone,core::clone::Clone::clone,<ManuallyDrop<T> as Clone>::clone,std_specs/manually_drop.rs,40,unknown,ok,unknown,ok_inconclusive,False
std_specs__manually_drop.rs__L47__ManuallyDrop__T__as__Deref__deref,core::ops::Deref::deref,<ManuallyDrop<T> as Deref>::deref,std_specs/manually_drop.rs,47,complete,ok,unsat,complete,False
std_specs__maybe_uninit.rs__L29__MaybeUninit__T__new,core::mem::MaybeUninit::new,MaybeUninit::<T>::new,std_specs/maybe_uninit.rs,29,unknown,ok,unknown,ok_inconclusive,False
std_specs__maybe_uninit.rs__L34__MaybeUninit__T__uninit,core::mem::MaybeUninit::uninit,MaybeUninit::<T>::uninit,std_specs/maybe_uninit.rs,34,unknown,ok,unknown,ok_inconclusive,False
std_specs__maybe_uninit.rs__L39__MaybeUninit__T__assume_init,core::mem::MaybeUninit::assume_init,MaybeUninit::<T>::assume_init,std_specs/maybe_uninit.rs,39,complete,ok,unsat,complete,False
std_specs__maybe_uninit.rs__L45__MaybeUninit__T__assume_init_ref,core::mem::MaybeUninit::assume_init_ref,MaybeUninit::<T>::assume_init_ref,std_specs/maybe_uninit.rs,45,complete,ok,unsat,complete,False
std_specs__maybe_uninit.rs__L51__MaybeUninit__T__assume_init_mut,core::mem::MaybeUninit::assume_init_mut,MaybeUninit::<T>::assume_init_mut,std_specs/maybe_uninit.rs,51,checker_unsupported,unsupported_mut_ref_return,,,False
std_specs__net.rs__L208__Ipv4Addr__new,core::net::Ipv4Addr::new,Ipv4Addr::new,std_specs/net.rs,208,complete,ok,unsat,complete,False
std_specs__net.rs__L213__Ipv4Addr__from_octets,core::net::Ipv4Addr::from_octets,Ipv4Addr::from_octets,std_specs/net.rs,213,complete,ok,unsat,complete,False
std_specs__net.rs__L218__Ipv4Addr__octets,core::net::Ipv4Addr::octets,Ipv4Addr::octets,std_specs/net.rs,218,complete,ok,unsat,complete,False
std_specs__net.rs__L223__Ipv4Addr__is_unspecified,core::net::Ipv4Addr::is_unspecified,Ipv4Addr::is_unspecified,std_specs/net.rs,223,complete,ok,unsat,complete,False
std_specs__net.rs__L228__Ipv4Addr__is_loopback,core::net::Ipv4Addr::is_loopback,Ipv4Addr::is_loopback,std_specs/net.rs,228,complete,ok,unsat,complete,False
std_specs__net.rs__L233__Ipv4Addr__is_private,core::net::Ipv4Addr::is_private,Ipv4Addr::is_private,std_specs/net.rs,233,complete,ok,unsat,complete,False
std_specs__net.rs__L238__Ipv4Addr__is_link_local,core::net::Ipv4Addr::is_link_local,Ipv4Addr::is_link_local,std_specs/net.rs,238,complete,ok,unsat,complete,False
std_specs__net.rs__L243__Ipv4Addr__is_multicast,core::net::Ipv4Addr::is_multicast,Ipv4Addr::is_multicast,std_specs/net.rs,243,complete,ok,unsat,complete,False
std_specs__net.rs__L248__Ipv4Addr__is_broadcast,core::net::Ipv4Addr::is_broadcast,Ipv4Addr::is_broadcast,std_specs/net.rs,248,complete,ok,unsat,complete,False
std_specs__net.rs__L253__Ipv4Addr__is_documentation,core::net::Ipv4Addr::is_documentation,Ipv4Addr::is_documentation,std_specs/net.rs,253,complete,ok,unsat,complete,False
std_specs__net.rs__L258__Ipv4Addr__to_ipv6_compatible,core::net::Ipv4Addr::to_ipv6_compatible,Ipv4Addr::to_ipv6_compatible,std_specs/net.rs,258,complete,ok,unsat,complete,False
std_specs__net.rs__L263__Ipv4Addr__to_ipv6_mapped,core::net::Ipv4Addr::to_ipv6_mapped,Ipv4Addr::to_ipv6_mapped,std_specs/net.rs,263,complete,ok,unsat,complete,False
std_specs__net.rs__L268__Ipv6Addr__from_octets,core::net::Ipv6Addr::from_octets,Ipv6Addr::from_octets,std_specs/net.rs,268,complete,ok,unsat,complete,False
std_specs__net.rs__L273__Ipv6Addr__octets,core::net::Ipv6Addr::octets,Ipv6Addr::octets,std_specs/net.rs,273,complete,ok,unsat,complete,False
std_specs__net.rs__L278__Ipv6Addr__is_unspecified,core::net::Ipv6Addr::is_unspecified,Ipv6Addr::is_unspecified,std_specs/net.rs,278,complete,ok,unsat,complete,False
std_specs__net.rs__L283__Ipv6Addr__is_loopback,core::net::Ipv6Addr::is_loopback,Ipv6Addr::is_loopback,std_specs/net.rs,283,complete,ok,unsat,complete,False
std_specs__net.rs__L288__Ipv6Addr__is_multicast,core::net::Ipv6Addr::is_multicast,Ipv6Addr::is_multicast,std_specs/net.rs,288,complete,ok,unsat,complete,False
std_specs__net.rs__L293__Ipv6Addr__is_unique_local,core::net::Ipv6Addr::is_unique_local,Ipv6Addr::is_unique_local,std_specs/net.rs,293,complete,ok,unsat,complete,False
std_specs__net.rs__L298__Ipv6Addr__is_unicast_link_local,core::net::Ipv6Addr::is_unicast_link_local,Ipv6Addr::is_unicast_link_local,std_specs/net.rs,298,complete,ok,unsat,complete,False
std_specs__net.rs__L303__IpAddr__is_ipv4,core::net::IpAddr::is_ipv4,IpAddr::is_ipv4,std_specs/net.rs,303,complete,ok,unsat,complete,False
std_specs__net.rs__L308__IpAddr__is_ipv6,core::net::IpAddr::is_ipv6,IpAddr::is_ipv6,std_specs/net.rs,308,complete,ok,unsat,complete,False
std_specs__net.rs__L313__IpAddr__is_unspecified,core::net::IpAddr::is_unspecified,IpAddr::is_unspecified,std_specs/net.rs,313,complete,ok,unsat,complete,False
std_specs__net.rs__L318__IpAddr__is_loopback,core::net::IpAddr::is_loopback,IpAddr::is_loopback,std_specs/net.rs,318,complete,ok,unsat,complete,False
std_specs__net.rs__L323__IpAddr__is_multicast,core::net::IpAddr::is_multicast,IpAddr::is_multicast,std_specs/net.rs,323,complete,ok,unsat,complete,False
std_specs__net.rs__L328__SocketAddrV4__new,core::net::SocketAddrV4::new,SocketAddrV4::new,std_specs/net.rs,328,complete,ok,unsat,complete,False
std_specs__net.rs__L333__SocketAddrV4__ip,core::net::SocketAddrV4::ip,SocketAddrV4::ip,std_specs/net.rs,333,unknown,ok,unknown,ok_inconclusive,False
std_specs__net.rs__L338__SocketAddrV4__set_ip,core::net::SocketAddrV4::set_ip,SocketAddrV4::set_ip,std_specs/net.rs,338,complete,ok,unsat,complete,False
std_specs__net.rs__L343__SocketAddrV4__port,core::net::SocketAddrV4::port,SocketAddrV4::port,std_specs/net.rs,343,complete,ok,unsat,complete,False
std_specs__net.rs__L348__SocketAddrV4__set_port,core::net::SocketAddrV4::set_port,SocketAddrV4::set_port,std_specs/net.rs,348,complete,ok,unsat,complete,False
std_specs__net.rs__L353__SocketAddrV6__new,core::net::SocketAddrV6::new,SocketAddrV6::new,std_specs/net.rs,353,complete,ok,unsat,complete,False
std_specs__net.rs__L363__SocketAddrV6__ip,core::net::SocketAddrV6::ip,SocketAddrV6::ip,std_specs/net.rs,363,unknown,ok,unknown,ok_inconclusive,False
std_specs__net.rs__L368__SocketAddrV6__set_ip,core::net::SocketAddrV6::set_ip,SocketAddrV6::set_ip,std_specs/net.rs,368,complete,ok,unsat,complete,False
std_specs__net.rs__L378__SocketAddrV6__port,core::net::SocketAddrV6::port,SocketAddrV6::port,std_specs/net.rs,378,complete,ok,unsat,complete,False
std_specs__net.rs__L383__SocketAddrV6__set_port,core::net::SocketAddrV6::set_port,SocketAddrV6::set_port,std_specs/net.rs,383,complete,ok,unsat,complete,False
std_specs__net.rs__L393__SocketAddrV6__flowinfo,core::net::SocketAddrV6::flowinfo,SocketAddrV6::flowinfo,std_specs/net.rs,393,complete,ok,unsat,complete,False
std_specs__net.rs__L398__SocketAddrV6__set_flowinfo,core::net::SocketAddrV6::set_flowinfo,SocketAddrV6::set_flowinfo,std_specs/net.rs,398,complete,ok,unsat,complete,False
std_specs__net.rs__L408__SocketAddrV6__scope_id,core::net::SocketAddrV6::scope_id,SocketAddrV6::scope_id,std_specs/net.rs,408,complete,ok,unsat,complete,False
std_specs__net.rs__L413__SocketAddrV6__set_scope_id,core::net::SocketAddrV6::set_scope_id,SocketAddrV6::set_scope_id,std_specs/net.rs,413,complete,ok,unsat,complete,False
std_specs__net.rs__L423__SocketAddr__new,core::net::SocketAddr::new,SocketAddr::new,std_specs/net.rs,423,complete,ok,unsat,complete,False
std_specs__net.rs__L433__SocketAddr__is_ipv4,core::net::SocketAddr::is_ipv4,SocketAddr::is_ipv4,std_specs/net.rs,433,complete,ok,unsat,complete,False
std_specs__net.rs__L438__SocketAddr__is_ipv6,core::net::SocketAddr::is_ipv6,SocketAddr::is_ipv6,std_specs/net.rs,438,complete,ok,unsat,complete,False
std_specs__net.rs__L443__SocketAddr__ip,core::net::SocketAddr::ip,SocketAddr::ip,std_specs/net.rs,443,complete,ok,unsat,complete,False
std_specs__net.rs__L451__SocketAddr__port,core::net::SocketAddr::port,SocketAddr::port,std_specs/net.rs,451,complete,ok,unsat,complete,False
std_specs__net.rs__L459__SocketAddr__set_port,core::net::SocketAddr::set_port,SocketAddr::set_port,std_specs/net.rs,459,complete,ok,unsat,complete,False
std_specs__net.rs__L469__IpAddr__to_canonical,core::net::IpAddr::to_canonical,IpAddr::to_canonical,std_specs/net.rs,469,complete,ok,unsat,complete,False
std_specs__net.rs__L484__Ipv4Addr__from_bits,core::net::Ipv4Addr::from_bits,Ipv4Addr::from_bits,std_specs/net.rs,484,complete,ok,unsat,complete,False
std_specs__net.rs__L494__Ipv4Addr__to_bits,core::net::Ipv4Addr::to_bits,Ipv4Addr::to_bits,std_specs/net.rs,494,complete,ok,unsat,complete,False
std_specs__net.rs__L500__Ipv6Addr__from_bits,core::net::Ipv6Addr::from_bits,Ipv6Addr::from_bits,std_specs/net.rs,500,complete,ok,unsat,complete,False
std_specs__net.rs__L522__Ipv6Addr__from_segments,core::net::Ipv6Addr::from_segments,Ipv6Addr::from_segments,std_specs/net.rs,522,complete,ok,unsat,complete,False
std_specs__net.rs__L544__Ipv6Addr__new,core::net::Ipv6Addr::new,Ipv6Addr::new,std_specs/net.rs,544,complete,ok,unsat,complete,False
std_specs__net.rs__L575__Ipv6Addr__segments,core::net::Ipv6Addr::segments,Ipv6Addr::segments,std_specs/net.rs,575,complete,ok,unsat,complete,False
std_specs__net.rs__L587__Ipv6Addr__to_bits,core::net::Ipv6Addr::to_bits,Ipv6Addr::to_bits,std_specs/net.rs,587,complete,ok,unsat,complete,False
std_specs__net.rs__L601__Ipv6Addr__to_canonical,core::net::Ipv6Addr::to_canonical,Ipv6Addr::to_canonical,std_specs/net.rs,601,complete,ok,unsat,complete,False
std_specs__net.rs__L613__Ipv6Addr__to_ipv4,core::net::Ipv6Addr::to_ipv4,Ipv6Addr::to_ipv4,std_specs/net.rs,613,complete,ok,unsat,complete,False
std_specs__net.rs__L620__Ipv6Addr__to_ipv4_mapped,core::net::Ipv6Addr::to_ipv4_mapped,Ipv6Addr::to_ipv4_mapped,std_specs/net.rs,620,complete,ok,unsat,complete,False
std_specs__net.rs__L631__SocketAddr__set_ip,core::net::SocketAddr::set_ip,SocketAddr::set_ip,std_specs/net.rs,631,complete,ok,unsat,complete,False
std_specs__nonzero.rs__L164__NonZero__T__as__Clone__clone,core::clone::Clone::clone,<NonZero<T> as Clone>::clone,std_specs/nonzero.rs,164,complete,ok,unsat,complete,False
std_specs__nonzero.rs__L70__NonZero__T__new,core::num::NonZero::new,NonZero::<T>::new,std_specs/nonzero.rs,70,complete,ok,unsat,complete,False
std_specs__nonzero.rs__L82__NonZero__T__new_unchecked,core::num::NonZero::new_unchecked,NonZero::<T>::new_unchecked,std_specs/nonzero.rs,82,complete,ok,unsat,complete,False
std_specs__nonzero.rs__L98__NonZero__T__get,core::num::NonZero::get,NonZero::<T>::get,std_specs/nonzero.rs,98,complete,ok,unsat,complete,False
std_specs__ops.rs__L464__f32__as__core__ops__Neg__neg,core::ops::Neg::neg,<f32 as core::ops::Neg>::neg,std_specs/ops.rs,464,unknown,ok,unknown,ok_inconclusive,False
std_specs__ops.rs__L469__f32__as__core__ops__Add__add,core::ops::Add::add,<f32 as core::ops::Add>::add,std_specs/ops.rs,469,unknown,ok,unknown,ok_inconclusive,False
std_specs__ops.rs__L474__f32__as__core__ops__Sub__sub,core::ops::Sub::sub,<f32 as core::ops::Sub>::sub,std_specs/ops.rs,474,unknown,ok,unknown,ok_inconclusive,False
std_specs__ops.rs__L479__f32__as__core__ops__Mul__mul,core::ops::Mul::mul,<f32 as core::ops::Mul>::mul,std_specs/ops.rs,479,unknown,ok,unknown,ok_inconclusive,False
std_specs__ops.rs__L484__f32__as__core__ops__Div__div,core::ops::Div::div,<f32 as core::ops::Div>::div,std_specs/ops.rs,484,unknown,ok,unknown,ok_inconclusive,False
std_specs__ops.rs__L489__f64__as__core__ops__Neg__neg,core::ops::Neg::neg,<f64 as core::ops::Neg>::neg,std_specs/ops.rs,489,unknown,ok,unknown,ok_inconclusive,False
std_specs__ops.rs__L494__f64__as__core__ops__Add__add,core::ops::Add::add,<f64 as core::ops::Add>::add,std_specs/ops.rs,494,unknown,ok,unknown,ok_inconclusive,False
std_specs__ops.rs__L499__f64__as__core__ops__Sub__sub,core::ops::Sub::sub,<f64 as core::ops::Sub>::sub,std_specs/ops.rs,499,unknown,ok,unknown,ok_inconclusive,False
std_specs__ops.rs__L504__f64__as__core__ops__Mul__mul,core::ops::Mul::mul,<f64 as core::ops::Mul>::mul,std_specs/ops.rs,504,unknown,ok,unknown,ok_inconclusive,False
std_specs__ops.rs__L509__f64__as__core__ops__Div__div,core::ops::Div::div,<f64 as core::ops::Div>::div,std_specs/ops.rs,509,unknown,ok,unknown,ok_inconclusive,False
std_specs__option.rs__L123__Option__T__is_some,core::option::Option::is_some,Option::<T>::is_some,std_specs/option.rs,123,complete,ok,unsat,complete,False
std_specs__option.rs__L136__Option__T__is_none,core::option::Option::is_none,Option::<T>::is_none,std_specs/option.rs,136,complete,ok,unsat,complete,False
std_specs__option.rs__L143__Option__T__as_ref,core::option::Option::as_ref,Option::<T>::as_ref,std_specs/option.rs,143,complete,ok,unsat,complete,False
std_specs__option.rs__L160__Option__T__unwrap,core::option::Option::unwrap,Option::<T>::unwrap,std_specs/option.rs,160,complete,ok,unsat,complete,False
std_specs__option.rs__L177__Option__T__unwrap_or,core::option::Option::unwrap_or,Option::<T>::unwrap_or,std_specs/option.rs,177,complete,ok,unsat,complete,False
std_specs__option.rs__L193__Option__T__expect,core::option::Option::expect,Option::<T>::expect,std_specs/option.rs,193,complete,ok,unsat,complete,False
std_specs__option.rs__L201__Option__T__take,core::option::Option::take,Option::<T>::take,std_specs/option.rs,201,complete,ok,unsat,complete,False
std_specs__option.rs__L209__Option__T__map,core::option::Option::map,Option::<T>::map,std_specs/option.rs,209,unknown,ok,unknown,ok_inconclusive,False
std_specs__option.rs__L219__Option__a__T__cloned,core::option::Option::cloned,Option::<&'a T>::cloned,std_specs/option.rs,219,unknown,ok,unknown,ok_inconclusive,False
std_specs__option.rs__L227__Option__T__and_then,core::option::Option::and_then,Option::<T>::and_then,std_specs/option.rs,227,unknown,ok,unknown,ok_inconclusive,False
std_specs__option.rs__L239__Option__T__ok_or_else,core::option::Option::ok_or_else,Option::<T>::ok_or_else,std_specs/option.rs,239,complete,ok,unsat,complete,False
std_specs__option.rs__L254__Option__T__unwrap_or_default,core::option::Option::unwrap_or_default,Option::<T>::unwrap_or_default,std_specs/option.rs,254,unknown,ok,unknown,ok_inconclusive,False
std_specs__option.rs__L263__Option__T__unwrap_or_else,core::option::Option::unwrap_or_else,Option::<T>::unwrap_or_else,std_specs/option.rs,263,unknown,ok,unknown,ok_inconclusive,False
std_specs__option.rs__L275__Option__T__as__Clone__clone,core::clone::Clone::clone,<Option<T> as Clone>::clone,std_specs/option.rs,275,unknown,ok,unknown,ok_inconclusive,False
std_specs__option.rs__L298__Option__T__as__PartialEq__eq,core::cmp::PartialEq::eq,<Option<T> as PartialEq>::eq,std_specs/option.rs,298,no_local_postcondition,no_ensures,,,False
std_specs__option.rs__L320__Option__T__as__PartialOrd__partial_cmp,core::cmp::PartialOrd::partial_cmp,<Option<T> as PartialOrd>::partial_cmp,std_specs/option.rs,320,no_local_postcondition,no_ensures,,,False
std_specs__option.rs__L341__Option__T__as__Ord__cmp,core::cmp::Ord::cmp,<Option<T> as Ord>::cmp,std_specs/option.rs,341,no_local_postcondition,no_ensures,,,False
std_specs__option.rs__L357__Option__ok_or,core::option::Option::ok_or,Option::ok_or,std_specs/option.rs,357,complete,ok,unsat,complete,False
std_specs__option.rs__L363__Option__as_mut,core::option::Option::as_mut,Option::as_mut,std_specs/option.rs,363,unknown,ok,unknown,ok_inconclusive,False
std_specs__option.rs__L372__Option__as_slice,core::option::Option::as_slice,Option::as_slice,std_specs/option.rs,372,complete,ok,unsat,complete,False
std_specs__option.rs__L381__Option__as_mut_slice,core::option::Option::as_mut_slice,Option::as_mut_slice,std_specs/option.rs,381,checker_unsupported,unsupported_mut_ref_return,,,False
std_specs__option.rs__L395__Option__insert,core::option::Option::insert,Option::insert,std_specs/option.rs,395,checker_unsupported,unsupported_mut_ref_return,,,False
std_specs__option.rs__L402__Option__get_or_insert,core::option::Option::get_or_insert,Option::get_or_insert,std_specs/option.rs,402,checker_unsupported,unsupported_mut_ref_return,,,False
std_specs__ordering.rs__L13__Ordering__is_ne,core::cmp::Ordering::is_ne,Ordering::is_ne,std_specs/ordering.rs,13,complete,ok,unsat,complete,False
std_specs__ordering.rs__L18__Ordering__is_lt,core::cmp::Ordering::is_lt,Ordering::is_lt,std_specs/ordering.rs,18,complete,ok,unsat,complete,False
std_specs__ordering.rs__L23__Ordering__is_gt,core::cmp::Ordering::is_gt,Ordering::is_gt,std_specs/ordering.rs,23,complete,ok,unsat,complete,False
std_specs__ordering.rs__L28__Ordering__is_le,core::cmp::Ordering::is_le,Ordering::is_le,std_specs/ordering.rs,28,complete,ok,unsat,complete,False
std_specs__ordering.rs__L33__Ordering__is_ge,core::cmp::Ordering::is_ge,Ordering::is_ge,std_specs/ordering.rs,33,complete,ok,unsat,complete,False
std_specs__ordering.rs__L38__Ordering__reverse,core::cmp::Ordering::reverse,Ordering::reverse,std_specs/ordering.rs,38,complete,ok,unsat,complete,False
std_specs__ordering.rs__L47__Ordering__then,core::cmp::Ordering::then,Ordering::then,std_specs/ordering.rs,47,complete,ok,unsat,complete,False
std_specs__ordering.rs__L8__Ordering__is_eq,core::cmp::Ordering::is_eq,Ordering::is_eq,std_specs/ordering.rs,8,complete,ok,unsat,complete,False
std_specs__range.rs__L111__RangeInclusive__Idx__new,core::ops::RangeInclusive::new,RangeInclusive::<Idx>::new,std_specs/range.rs,111,complete,ok,unsat,complete,False
std_specs__range.rs__L228__Range__A__as__Iterator__next,core::iter::Iterator::next,<Range<A> as Iterator>::next,std_specs/range.rs,228,complete,ok,unsat,complete,False
std_specs__range.rs__L283__Range__T__as__RangeBounds__T__start_bound,core::ops::RangeBounds::start_bound,<Range<T> as RangeBounds<T>>::start_bound,std_specs/range.rs,283,complete,ok,unsat,complete,False
std_specs__range.rs__L290__Range__T__as__RangeBounds__T__end_bound,core::ops::RangeBounds::end_bound,<Range<T> as RangeBounds<T>>::end_bound,std_specs/range.rs,290,complete,ok,unsat,complete,False
std_specs__range.rs__L297__RangeFull__as__RangeBounds__T__start_bound,core::ops::RangeBounds::start_bound,<RangeFull as RangeBounds<T>>::start_bound,std_specs/range.rs,297,complete,ok,unsat,complete,False
std_specs__range.rs__L304__RangeFull__as__RangeBounds__T__end_bound,core::ops::RangeBounds::end_bound,<RangeFull as RangeBounds<T>>::end_bound,std_specs/range.rs,304,complete,ok,unsat,complete,False
std_specs__range.rs__L311__RangeFrom__T__as__RangeBounds__T__start_bound,core::ops::RangeBounds::start_bound,<RangeFrom<T> as RangeBounds<T>>::start_bound,std_specs/range.rs,311,complete,ok,unsat,complete,False
std_specs__range.rs__L318__RangeFrom__T__as__RangeBounds__T__end_bound,core::ops::RangeBounds::end_bound,<RangeFrom<T> as RangeBounds<T>>::end_bound,std_specs/range.rs,318,complete,ok,unsat,complete,False
std_specs__range.rs__L325__RangeTo__T__as__RangeBounds__T__start_bound,core::ops::RangeBounds::start_bound,<RangeTo<T> as RangeBounds<T>>::start_bound,std_specs/range.rs,325,complete,ok,unsat,complete,False
std_specs__range.rs__L332__RangeTo__T__as__RangeBounds__T__end_bound,core::ops::RangeBounds::end_bound,<RangeTo<T> as RangeBounds<T>>::end_bound,std_specs/range.rs,332,complete,ok,unsat,complete,False
std_specs__range.rs__L339__RangeInclusive__T__as__RangeBounds__T__start_bound,core::ops::RangeBounds::start_bound,<RangeInclusive<T> as RangeBounds<T>>::start_bound,std_specs/range.rs,339,complete,ok,unsat,complete,False
std_specs__range.rs__L346__RangeInclusive__T__as__RangeBounds__T__end_bound,core::ops::RangeBounds::end_bound,<RangeInclusive<T> as RangeBounds<T>>::end_bound,std_specs/range.rs,346,complete,ok,unsat,complete,False
std_specs__range.rs__L353__RangeToInclusive__T__as__RangeBounds__T__start_bound,core::ops::RangeBounds::start_bound,<RangeToInclusive<T> as RangeBounds<T>>::start_bound,std_specs/range.rs,353,complete,ok,unsat,complete,False
std_specs__range.rs__L360__RangeToInclusive__T__as__RangeBounds__T__end_bound,core::ops::RangeBounds::end_bound,<RangeToInclusive<T> as RangeBounds<T>>::end_bound,std_specs/range.rs,360,complete,ok,unsat,complete,False
std_specs__range.rs__L367__Bound__T__Bound__T__as__RangeBounds__T__start_bound,core::ops::RangeBounds::start_bound,"<(Bound<T>, Bound<T>) as RangeBounds<T>>::start_bound",std_specs/range.rs,367,complete,ok,unsat,complete,False
std_specs__range.rs__L374__Bound__T__Bound__T__as__RangeBounds__T__end_bound,core::ops::RangeBounds::end_bound,"<(Bound<T>, Bound<T>) as RangeBounds<T>>::end_bound",std_specs/range.rs,374,complete,ok,unsat,complete,False
std_specs__range.rs__L74__Range__Idx__contains,core::ops::Range::contains,Range::<Idx>::contains,std_specs/range.rs,74,unknown,ok,unknown,ok_inconclusive,False
std_specs__range.rs__L82__RangeInclusive__Idx__contains,core::ops::RangeInclusive::contains,RangeInclusive::<Idx>::contains,std_specs/range.rs,82,unknown,ok,unknown,ok_inconclusive,False
std_specs__result.rs__L135__Result__T__E__is_ok,core::result::Result::is_ok,"Result::<T, E>::is_ok",std_specs/result.rs,135,complete,ok,unsat,complete,False
std_specs__result.rs__L148__Result__T__E__is_err,core::result::Result::is_err,"Result::<T, E>::is_err",std_specs/result.rs,148,complete,ok,unsat,complete,False
std_specs__result.rs__L155__Result__T__E__as_ref,core::result::Result::as_ref,"Result::<T, E>::as_ref",std_specs/result.rs,155,complete,ok,unsat,complete,False
std_specs__result.rs__L177__Result__T__E__unwrap,core::result::Result::unwrap,"Result::<T, E>::unwrap",std_specs/result.rs,177,complete,ok,unsat,complete,False
std_specs__result.rs__L196__Result__T__E__unwrap_err,core::result::Result::unwrap_err,"Result::<T, E>::unwrap_err",std_specs/result.rs,196,complete,ok,unsat,complete,False
std_specs__result.rs__L215__Result__T__E__expect,core::result::Result::expect,"Result::<T, E>::expect",std_specs/result.rs,215,complete,ok,unsat,complete,False
std_specs__result.rs__L226__Result__T__E__map,core::result::Result::map,"Result::<T, E>::map",std_specs/result.rs,226,unknown,ok,unknown,ok_inconclusive,False
std_specs__result.rs__L242__Result__T__E__map_err,core::result::Result::map_err,"Result::<T, E>::map_err",std_specs/result.rs,242,complete,ok,unsat,complete,False
std_specs__result.rs__L262__Result__T__E__ok,core::result::Result::ok,"Result::<T, E>::ok",std_specs/result.rs,262,complete,ok,unsat,complete,False
std_specs__result.rs__L278__Result__T__E__err,core::result::Result::err,"Result::<T, E>::err",std_specs/result.rs,278,complete,ok,unsat,complete,False
std_specs__slice.rs__L150__T__iter,core::slice::iter,<[T]>::iter,std_specs/slice.rs,150,complete,ok,unsat,complete,False
std_specs__slice.rs__L158__a__T__as__core__iter__IntoIterator__into_iter,core::iter::IntoIterator::into_iter,<&'a [T] as core::iter::IntoIterator>::into_iter,std_specs/slice.rs,158,complete,ok,unsat,complete,False
std_specs__slice.rs__L166__T__first,core::slice::first,<[T]>::first,std_specs/slice.rs,166,complete,ok,unsat,complete,False
std_specs__slice.rs__L172__T__last,core::slice::last,<[T]>::last,std_specs/slice.rs,172,complete,ok,unsat,complete,False
std_specs__slice.rs__L179__T__first_mut,core::slice::first_mut,<[T]>::first_mut,std_specs/slice.rs,179,checker_unsupported,unsupported_unsized_mutable_state,,,False
std_specs__slice.rs__L187__T__last_mut,core::slice::last_mut,<[T]>::last_mut,std_specs/slice.rs,187,checker_unsupported,unsupported_unsized_mutable_state,,,False
std_specs__slice.rs__L194__T__split_at,core::slice::split_at,<[T]>::split_at,std_specs/slice.rs,194,complete,ok,unsat,complete,False
std_specs__slice.rs__L203__T__split_at_mut,core::slice::split_at_mut,<[T]>::split_at_mut,std_specs/slice.rs,203,checker_unsupported,unsupported_unsized_mutable_state,,,False
std_specs__slice.rs__L213__T__copy_from_slice,core::slice::copy_from_slice,<[T]>::copy_from_slice,std_specs/slice.rs,213,checker_unsupported,unsupported_unsized_mutable_state,,,False
std_specs__slice.rs__L243__T__copy_within__R,core::slice::copy_within,<[T]>::copy_within::<R>,std_specs/slice.rs,243,checker_unsupported,unsupported_unsized_mutable_state,,,False
std_specs__slice.rs__L44__usize__as__SliceIndex__T__index,core::slice::SliceIndex::index,<usize as SliceIndex<[T]>>::index,std_specs/slice.rs,44,complete,ok,unsat,complete,False
std_specs__slice.rs__L56__Range__usize__as__SliceIndex__T__index,core::slice::SliceIndex::index,<Range<usize> as SliceIndex<[T]>>::index,std_specs/slice.rs,56,complete,ok,unsat,complete,False
std_specs__slice.rs__L75__T__as__Index__I__index,core::ops::Index::index,<[T] as Index<I>>::index,std_specs/slice.rs,75,unknown,ok,unknown,ok_inconclusive,False
std_specs__slice.rs__L83__T__N__as__Index__I__index,core::ops::Index::index,<[T; N] as Index<I>>::index,std_specs/slice.rs,83,unknown,ok,unknown,ok_inconclusive,False
std_specs__slice.rs__L92__core__hint__unreachable_unchecked,core::hint::unreachable_unchecked,core::hint::unreachable_unchecked,std_specs/slice.rs,92,no_local_postcondition,no_ensures,,,False
std_specs__smart_ptrs.rs__L12__T__into_vec,core::slice::into_vec,<[T]>::into_vec,std_specs/smart_ptrs.rs,12,complete,ok,unsat,complete,False
std_specs__smart_ptrs.rs__L17__Box__T__new,alloc::boxed::Box::new,Box::<T>::new,std_specs/smart_ptrs.rs,17,complete,ok,unsat,complete,False
std_specs__smart_ptrs.rs__L22__Box__T__as__core__default__Default__default,core::default::Default::default,"<Box<
    T,
> as core::default::Default>::default",std_specs/smart_ptrs.rs,22,unknown,ok,unknown,ok_inconclusive,False
std_specs__smart_ptrs.rs__L29__Rc__T__new,alloc::rc::Rc::new,Rc::<T>::new,std_specs/smart_ptrs.rs,29,complete,ok,unsat,complete,False
std_specs__smart_ptrs.rs__L34__Rc__T__as__core__default__Default__default,core::default::Default::default,"<Rc<
    T,
> as core::default::Default>::default",std_specs/smart_ptrs.rs,34,unknown,ok,unknown,ok_inconclusive,False
std_specs__smart_ptrs.rs__L41__Arc__T__new,alloc::sync::Arc::new,Arc::<T>::new,std_specs/smart_ptrs.rs,41,complete,ok,unsat,complete,False
std_specs__smart_ptrs.rs__L46__Arc__T__as__core__default__Default__default,core::default::Default::default,"<Arc<
    T,
> as core::default::Default>::default",std_specs/smart_ptrs.rs,46,unknown,ok,unknown,ok_inconclusive,False
std_specs__smart_ptrs.rs__L53__Box__T__A__as__Clone__clone,core::clone::Clone::clone,"<Box<T, A> as Clone>::clone",std_specs/smart_ptrs.rs,53,unknown,ok,unknown,ok_inconclusive,False
std_specs__smart_ptrs.rs__L60__Rc__T__A__try_unwrap,alloc::rc::Rc::try_unwrap,"Rc::<T, A>::try_unwrap",std_specs/smart_ptrs.rs,60,unknown,ok,unknown,ok_inconclusive,False
std_specs__smart_ptrs.rs__L71__Rc__T__A__into_inner,alloc::rc::Rc::into_inner,"Rc::<T, A>::into_inner",std_specs/smart_ptrs.rs,71,unknown,ok,unknown,ok_inconclusive,False
std_specs__vec.rs__L100__Vec__T__new,alloc::vec::Vec::new,Vec::<T>::new,std_specs/vec.rs,100,complete,ok,unsat,complete,False
std_specs__vec.rs__L105__Vec__T__as__core__default__Default__default,core::default::Default::default,<Vec<T> as core::default::Default>::default,std_specs/vec.rs,105,complete,ok,unsat,complete,False
std_specs__vec.rs__L110__Vec__T__A__new_in,alloc::vec::Vec::new_in,"Vec::<T, A>::new_in",std_specs/vec.rs,110,complete,ok,unsat,complete,False
std_specs__vec.rs__L115__Vec__T__with_capacity,alloc::vec::Vec::with_capacity,Vec::<T>::with_capacity,std_specs/vec.rs,115,complete,ok,unsat,complete,False
std_specs__vec.rs__L120__Vec__T__A__with_capacity_in,alloc::vec::Vec::with_capacity_in,"Vec::<T, A>::with_capacity_in",std_specs/vec.rs,120,complete,ok,unsat,complete,False
std_specs__vec.rs__L125__Vec__T__A__reserve,alloc::vec::Vec::reserve,"Vec::<T, A>::reserve",std_specs/vec.rs,125,complete,ok,unsat,complete,False
std_specs__vec.rs__L133__Vec__T__A__try_reserve,alloc::vec::Vec::try_reserve,"Vec::<T, A>::try_reserve",std_specs/vec.rs,133,unknown,ok,unknown,ok_inconclusive,False
std_specs__vec.rs__L141__Vec__T__A__push,alloc::vec::Vec::push,"Vec::<T, A>::push",std_specs/vec.rs,141,complete,ok,unsat,complete,False
std_specs__vec.rs__L146__Vec__T__A__pop,alloc::vec::Vec::pop,"Vec::<T, A>::pop",std_specs/vec.rs,146,complete,ok,unsat,complete,False
std_specs__vec.rs__L154__Vec__T__A__append,alloc::vec::Vec::append,"Vec::<T, A>::append",std_specs/vec.rs,154,complete,ok,unsat,complete,False
std_specs__vec.rs__L163__Vec__T__A__extend_from_slice,alloc::vec::Vec::extend_from_slice,"Vec::<T, A>::extend_from_slice",std_specs/vec.rs,163,unknown,ok,unknown,ok_inconclusive,False
std_specs__vec.rs__L184__Vec__T__A__index,alloc::vec::Vec::index,"Vec::<T, A>::index",std_specs/vec.rs,184,unknown,ok,unknown,ok_inconclusive,False
std_specs__vec.rs__L192__Vec__T__A__swap_remove,alloc::vec::Vec::swap_remove,"Vec::<T, A>::swap_remove",std_specs/vec.rs,192,complete,ok,unsat,complete,False
std_specs__vec.rs__L203__Vec__T__A__insert,alloc::vec::Vec::insert,"Vec::<T, A>::insert",std_specs/vec.rs,203,complete,ok,unsat,complete,False
std_specs__vec.rs__L214__Vec__T__A__is_empty,alloc::vec::Vec::is_empty,"<Vec<T, A>>::is_empty",std_specs/vec.rs,214,complete,ok,unsat,complete,False
std_specs__vec.rs__L220__Vec__T__A__remove,alloc::vec::Vec::remove,"Vec::<T, A>::remove",std_specs/vec.rs,220,complete,ok,unsat,complete,False
std_specs__vec.rs__L231__Vec__T__A__clear,alloc::vec::Vec::clear,"Vec::<T, A>::clear",std_specs/vec.rs,231,complete,ok,unsat,complete,False
std_specs__vec.rs__L236__Vec__T__A__as_slice,alloc::vec::Vec::as_slice,"Vec::<T, A>::as_slice",std_specs/vec.rs,236,complete,ok,unsat,complete,False
std_specs__vec.rs__L242__Vec__T__A__as_mut_slice,alloc::vec::Vec::as_mut_slice,"Vec::<T, A>::as_mut_slice",std_specs/vec.rs,242,checker_unsupported,unsupported_mut_ref_return,,,False
std_specs__vec.rs__L248__Vec__T__A__as__core__ops__Deref__deref,core::ops::Deref::deref,"<Vec<T, A> as core::ops::Deref>::deref",std_specs/vec.rs,248,complete,ok,unsat,complete,False
std_specs__vec.rs__L255__Vec__T__A__as__core__ops__DerefMut__deref_mut,core::ops::DerefMut::deref_mut,"<Vec<T, A> as core::ops::DerefMut>::deref_mut",std_specs/vec.rs,255,checker_unsupported,unsupported_mut_ref_return,,,False
std_specs__vec.rs__L263__Vec__T__A__split_off,alloc::vec::Vec::split_off,"Vec::<T, A>::split_off",std_specs/vec.rs,263,complete,ok,unsat,complete,False
std_specs__vec.rs__L278__Vec__T__A__as__Clone__clone,core::clone::Clone::clone,"<Vec<T, A> as Clone>::clone",std_specs/vec.rs,278,unknown,ok,unknown,ok_inconclusive,False
std_specs__vec.rs__L300__Vec__T__A__truncate,alloc::vec::Vec::truncate,"Vec::<T, A>::truncate",std_specs/vec.rs,300,complete,ok,unsat,complete,False
std_specs__vec.rs__L306__Vec__T__A__resize,alloc::vec::Vec::resize,"Vec::<T, A>::resize",std_specs/vec.rs,306,unknown,ok,unknown,ok_inconclusive,False
std_specs__vec.rs__L343__Vec__T__A1__as__PartialEq__Vec__U__A2__eq,core::cmp::PartialEq::eq,"<Vec<T, A1> as PartialEq<Vec<U, A2>>>::eq",std_specs/vec.rs,343,no_local_postcondition,no_ensures,,,False
std_specs__vec.rs__L409__alloc__vec__from_elem,alloc::vec::from_elem,alloc::vec::from_elem,std_specs/vec.rs,409,unknown,ok,unknown,ok_inconclusive,False
std_specs__vec.rs__L446__Vec__T__A__into_iter,alloc::vec::Vec::into_iter,"Vec::<T, A>::into_iter",std_specs/vec.rs,446,complete,ok,unsat,complete,False
std_specs__vec.rs__L457__a__Vec__T__A__as__core__iter__IntoIterator__into_iter,core::iter::IntoIterator::into_iter,"<&'a Vec<T, A> as core::iter::IntoIterator>::into_iter",std_specs/vec.rs,457,complete,ok,unsat,complete,False
std_specs__vec.rs__L93__Vec__T__A__len,alloc::vec::Vec::len,"Vec::<T, A>::len",std_specs/vec.rs,93,complete,ok,unsat,complete,False
std_specs__vecdeque.rs__L103__VecDeque__T__A__reserve,alloc::collections::vec_deque::VecDeque::reserve,"VecDeque::<T, A>::reserve",std_specs/vecdeque.rs,103,complete,ok,unsat,complete,False
std_specs__vecdeque.rs__L111__VecDeque__T__A__reserve_exact,alloc::collections::vec_deque::VecDeque::reserve_exact,"VecDeque::<T, A>::reserve_exact",std_specs/vecdeque.rs,111,complete,ok,unsat,complete,False
std_specs__vecdeque.rs__L119__VecDeque__T__A__try_reserve_exact,alloc::collections::vec_deque::VecDeque::try_reserve_exact,"VecDeque::<T, A>::try_reserve_exact",std_specs/vecdeque.rs,119,unknown,ok,unknown,ok_inconclusive,False
std_specs__vecdeque.rs__L127__VecDeque__T__A__push_back,alloc::collections::vec_deque::VecDeque::push_back,"VecDeque::<T, A>::push_back",std_specs/vecdeque.rs,127,complete,ok,unsat,complete,False
std_specs__vecdeque.rs__L135__VecDeque__T__A__push_front,alloc::collections::vec_deque::VecDeque::push_front,"VecDeque::<T, A>::push_front",std_specs/vecdeque.rs,135,complete,ok,unsat,complete,False
std_specs__vecdeque.rs__L143__VecDeque__T__A__pop_back,alloc::collections::vec_deque::VecDeque::pop_back,"VecDeque::<T, A>::pop_back",std_specs/vecdeque.rs,143,complete,ok,unsat,complete,False
std_specs__vecdeque.rs__L160__VecDeque__T__A__pop_front,alloc::collections::vec_deque::VecDeque::pop_front,"VecDeque::<T, A>::pop_front",std_specs/vecdeque.rs,160,complete,ok,unsat,complete,False
std_specs__vecdeque.rs__L177__VecDeque__T__A__swap_remove_back,alloc::collections::vec_deque::VecDeque::swap_remove_back,"VecDeque::<T, A>::swap_remove_back",std_specs/vecdeque.rs,177,complete,ok,unsat,complete,False
std_specs__vecdeque.rs__L195__VecDeque__T__A__swap_remove_front,alloc::collections::vec_deque::VecDeque::swap_remove_front,"VecDeque::<T, A>::swap_remove_front",std_specs/vecdeque.rs,195,complete,ok,unsat,complete,False
std_specs__vecdeque.rs__L216__VecDeque__T__A__is_empty,alloc::collections::vec_deque::VecDeque::is_empty,"VecDeque::<T, A>::is_empty",std_specs/vecdeque.rs,216,complete,ok,unsat,complete,False
std_specs__vecdeque.rs__L223__VecDeque__T__A__front,alloc::collections::vec_deque::VecDeque::front,"VecDeque::<T, A>::front",std_specs/vecdeque.rs,223,complete,ok,unsat,complete,False
std_specs__vecdeque.rs__L230__VecDeque__T__A__back,alloc::collections::vec_deque::VecDeque::back,"VecDeque::<T, A>::back",std_specs/vecdeque.rs,230,complete,ok,unsat,complete,False
std_specs__vecdeque.rs__L237__VecDeque__T__A__get,alloc::collections::vec_deque::VecDeque::get,"VecDeque::<T, A>::get",std_specs/vecdeque.rs,237,complete,ok,unsat,complete,False
std_specs__vecdeque.rs__L246__VecDeque__T__A__as_slices,alloc::collections::vec_deque::VecDeque::as_slices,"VecDeque::<T, A>::as_slices",std_specs/vecdeque.rs,246,unknown,ok,unknown,ok_inconclusive,False
std_specs__vecdeque.rs__L253__VecDeque__T__A__contains,alloc::collections::vec_deque::VecDeque::contains,"VecDeque::<T, A>::contains",std_specs/vecdeque.rs,253,complete,ok,unsat,complete,False
std_specs__vecdeque.rs__L263__VecDeque__T__A__rotate_left,alloc::collections::vec_deque::VecDeque::rotate_left,"VecDeque::<T, A>::rotate_left",std_specs/vecdeque.rs,263,complete,ok,unsat,complete,False
std_specs__vecdeque.rs__L276__VecDeque__T__A__rotate_right,alloc::collections::vec_deque::VecDeque::rotate_right,"VecDeque::<T, A>::rotate_right",std_specs/vecdeque.rs,276,complete,ok,unsat,complete,False
std_specs__vecdeque.rs__L288__VecDeque__T__A__swap,alloc::collections::vec_deque::VecDeque::swap,"VecDeque::<T, A>::swap",std_specs/vecdeque.rs,288,complete,ok,unsat,complete,False
std_specs__vecdeque.rs__L303__VecDeque__T__A__append,alloc::collections::vec_deque::VecDeque::append,"VecDeque::<T, A>::append",std_specs/vecdeque.rs,303,complete,ok,unsat,complete,False
std_specs__vecdeque.rs__L312__VecDeque__T__A__insert,alloc::collections::vec_deque::VecDeque::insert,"VecDeque::<T, A>::insert",std_specs/vecdeque.rs,312,complete,ok,unsat,complete,False
std_specs__vecdeque.rs__L323__VecDeque__T__A__remove,alloc::collections::vec_deque::VecDeque::remove,"VecDeque::<T, A>::remove",std_specs/vecdeque.rs,323,complete,ok,unsat,complete,False
std_specs__vecdeque.rs__L341__VecDeque__T__A__clear,alloc::collections::vec_deque::VecDeque::clear,"VecDeque::<T, A>::clear",std_specs/vecdeque.rs,341,complete,ok,unsat,complete,False
std_specs__vecdeque.rs__L346__VecDeque__T__A__split_off,alloc::collections::vec_deque::VecDeque::split_off,"VecDeque::<T, A>::split_off",std_specs/vecdeque.rs,346,complete,ok,unsat,complete,False
std_specs__vecdeque.rs__L364__VecDeque__T__A__as__Clone__clone,core::clone::Clone::clone,"<VecDeque<T, A> as Clone>::clone",std_specs/vecdeque.rs,364,unknown,ok,unknown,ok_inconclusive,False
std_specs__vecdeque.rs__L374__VecDeque__T__A__truncate,alloc::collections::vec_deque::VecDeque::truncate,"VecDeque::<T, A>::truncate",std_specs/vecdeque.rs,374,complete,ok,unsat,complete,False
std_specs__vecdeque.rs__L383__VecDeque__T__A__resize,alloc::collections::vec_deque::VecDeque::resize,"VecDeque::<T, A>::resize",std_specs/vecdeque.rs,383,unknown,ok,unknown,ok_inconclusive,False
std_specs__vecdeque.rs__L471__VecDeque__T__A__iter,alloc::collections::vec_deque::VecDeque::iter,"VecDeque::<T, A>::iter",std_specs/vecdeque.rs,471,complete,ok,unsat,complete,False
std_specs__vecdeque.rs__L71__VecDeque__T__A__index,alloc::collections::vec_deque::VecDeque::index,"VecDeque::<T, A>::index",std_specs/vecdeque.rs,71,complete,ok,unsat,complete,False
std_specs__vecdeque.rs__L80__VecDeque__T__A__len,alloc::collections::vec_deque::VecDeque::len,"VecDeque::<T, A>::len",std_specs/vecdeque.rs,80,complete,ok,unsat,complete,False
std_specs__vecdeque.rs__L86__VecDeque__T__new,alloc::collections::vec_deque::VecDeque::new,VecDeque::<T>::new,std_specs/vecdeque.rs,86,complete,ok,unsat,complete,False
std_specs__vecdeque.rs__L91__VecDeque__T__as__core__default__Default__default,core::default::Default::default,<VecDeque<T> as core::default::Default>::default,std_specs/vecdeque.rs,91,complete,ok,unsat,complete,False
std_specs__vecdeque.rs__L98__VecDeque__T__with_capacity,alloc::collections::vec_deque::VecDeque::with_capacity,VecDeque::<T>::with_capacity,std_specs/vecdeque.rs,98,complete,ok,unsat,complete,False
string.rs__L100__str__as_bytes,core::str::as_bytes,str::as_bytes,string.rs,100,complete,ok,unsat,complete,False
string.rs__L107__str__len,core::str::len,str::len,string.rs,107,complete,ok,unsat,complete,False
string.rs__L114__str__is_empty,core::str::is_empty,str::is_empty,string.rs,114,complete,ok,unsat,complete,False
string.rs__L121__str__is_char_boundary,core::str::is_char_boundary,str::is_char_boundary,string.rs,121,complete,ok,unsat,complete,False
string.rs__L127__str__split_at,core::str::split_at,str::split_at,string.rs,127,unknown,ok,unknown,ok_inconclusive,False
string.rs__L136__str__from_utf8_unchecked,core::str::from_utf8_unchecked,str::from_utf8_unchecked,string.rs,136,unknown,ok,unknown,ok_inconclusive,False
string.rs__L158__T__as__ToString__to_string,alloc::string::ToString::to_string,<T as ToString>::to_string,string.rs,158,unknown,ok,unknown,ok_inconclusive,False
string.rs__L332__String__as_str,alloc::string::String::as_str,String::as_str,string.rs,332,complete,ok,unsat,complete,False
string.rs__L339__String__as__core__ops__Deref__deref,core::ops::Deref::deref,<String as core::ops::Deref>::deref,string.rs,339,complete,ok,unsat,complete,False
string.rs__L345__String__as__Clone__clone,core::clone::Clone::clone,<String as Clone>::clone,string.rs,345,complete,ok,unsat,complete,False
string.rs__L351__String__as__PartialEq__eq,core::cmp::PartialEq::eq,<String as PartialEq>::eq,string.rs,351,complete,ok,unsat,complete,False
string.rs__L357__String__new,alloc::string::String::new,String::new,string.rs,357,complete,ok,unsat,complete,False
string.rs__L363__String__as__core__default__Default__default,core::default::Default::default,<String as core::default::Default>::default,string.rs,363,complete,ok,unsat,complete,False
string.rs__L452__str__chars,core::str::chars,str::chars,string.rs,452,complete,ok,unsat,complete,False
string.rs__L85__str__is_ascii,core::str::is_ascii,str::is_ascii,string.rs,85,complete,ok,unsat,complete,False
string.rs__L94__str__to_owned,core::str::to_owned,str::to_owned,string.rs,94,complete,ok,unsat,complete,False
