target,semantic_family,direct_shared_helpers,reachable_shared_helpers,audited_shared_helpers,source-backed,law-constrained,irreducible-boundary-abstraction,catalog_shared_helpers_note
core::slice::ChunksExact::remainder,iterator-splitting-and-chunking,slice_iterator_view,slice_iterator_view,slice_iterator_view,,slice_iterator_view,,"Seq subrange/chunk partition, predicate split, adjacent chunk_by, split_off, utf8 chunk, and iterator remaining-sequence helpers"
core::slice::ChunksExactMut::into_remainder,iterator-splitting-and-chunking,slice_iterator_view,slice_iterator_view,slice_iterator_view,,slice_iterator_view,,"Seq subrange/chunk partition, predicate split, adjacent chunk_by, split_off, utf8 chunk, and iterator remaining-sequence helpers"
core::slice::Iter::as_slice,iterator-splitting-and-chunking,slice_iterator_view,slice_iterator_view,slice_iterator_view,,slice_iterator_view,,"Seq subrange/chunk partition, predicate split, adjacent chunk_by, split_off, utf8 chunk, and iterator remaining-sequence helpers"
core::slice::IterMut::as_slice,iterator-splitting-and-chunking,slice_iterator_view,slice_iterator_view,slice_iterator_view,,slice_iterator_view,,"Seq subrange/chunk partition, predicate split, adjacent chunk_by, split_off, utf8 chunk, and iterator remaining-sequence helpers"
core::slice::IterMut::into_slice,iterator-splitting-and-chunking,slice_iterator_view,slice_iterator_view,slice_iterator_view,,slice_iterator_view,,"Seq subrange/chunk partition, predicate split, adjacent chunk_by, split_off, utf8 chunk, and iterator remaining-sequence helpers"
core::slice::RChunksExact::remainder,iterator-splitting-and-chunking,slice_iterator_view,slice_iterator_view,slice_iterator_view,,slice_iterator_view,,"Seq subrange/chunk partition, predicate split, adjacent chunk_by, split_off, utf8 chunk, and iterator remaining-sequence helpers"
core::slice::RChunksExactMut::into_remainder,iterator-splitting-and-chunking,slice_iterator_view,slice_iterator_view,slice_iterator_view,,slice_iterator_view,,"Seq subrange/chunk partition, predicate split, adjacent chunk_by, split_off, utf8 chunk, and iterator remaining-sequence helpers"
core::slice::align_to,raw-pointer-and-provenance,slice_align_to_domain;slice_align_to_result,slice_align_to_domain;slice_align_to_result;slice_aligned_middle,slice_align_to_domain;slice_aligned_middle,,,slice_align_to_domain;slice_aligned_middle,"slice Seq/View plus pointer provenance, length, alignment, and unsafe-domain helpers"
core::slice::align_to_mut,raw-pointer-and-provenance,slice_align_to_domain;slice_align_to_mut_result,slice_align_to_domain;slice_align_to_mut_result;slice_align_to_result;slice_aligned_middle,slice_align_to_domain;slice_aligned_middle,,,slice_align_to_domain;slice_aligned_middle,"slice Seq/View plus pointer provenance, length, alignment, and unsafe-domain helpers"
core::slice::array_windows,iterator-splitting-and-chunking,slice_iterator_view,slice_iterator_view,slice_iterator_view,,slice_iterator_view,,"Seq source/remaining/remainder/yielded-prefix state, exact chunk partition, predicate split, adjacent chunk_by, split_off, utf8 chunk, and iterator helpers"
core::slice::as_array,views-and-fixed-subranges,array_ref_view,array_ref_view,array_ref_view,array_ref_view,,,Seq fixed-size array/chunk/subrange view helpers
core::slice::as_chunks,iterator-splitting-and-chunking,slice_array_chunks_partition,array_value_view;flatten_array_chunks;slice_array_chunks_partition,array_value_view;flatten_array_chunks,array_value_view;flatten_array_chunks,,,Seq subrange/chunk partition and iterator remaining-sequence helpers
core::slice::as_chunks_mut,iterator-splitting-and-chunking,flatten_array_chunks;slice_array_chunks_partition,array_value_view;flatten_array_chunks;slice_array_chunks_partition,array_value_view;flatten_array_chunks,array_value_view;flatten_array_chunks,,,Seq subrange/chunk partition and iterator remaining-sequence helpers
core::slice::as_chunks_unchecked,iterator-splitting-and-chunking,flatten_array_chunks,array_value_view;flatten_array_chunks,array_value_view;flatten_array_chunks,array_value_view;flatten_array_chunks,,,Seq subrange/chunk partition and iterator remaining-sequence helpers
core::slice::as_chunks_unchecked_mut,iterator-splitting-and-chunking,flatten_array_chunks,array_value_view;flatten_array_chunks,array_value_view;flatten_array_chunks,array_value_view;flatten_array_chunks,,,Seq subrange/chunk partition and iterator remaining-sequence helpers
core::slice::as_flattened,views-and-fixed-subranges,flatten_array_chunks,array_value_view;flatten_array_chunks,array_value_view;flatten_array_chunks,array_value_view;flatten_array_chunks,,,Seq fixed-size array/chunk/subrange view helpers
core::slice::as_flattened_mut,views-and-fixed-subranges,flatten_array_chunks,array_value_view;flatten_array_chunks,array_value_view;flatten_array_chunks,array_value_view;flatten_array_chunks,,,Seq fixed-size array/chunk/subrange view helpers
core::slice::as_mut_array,views-and-fixed-subranges,array_mut_ref_view;array_value_view,array_mut_ref_view;array_value_view,array_mut_ref_view;array_value_view,array_mut_ref_view;array_value_view,,,Seq fixed-size array/chunk/subrange view helpers
core::slice::as_mut_ptr,raw-pointer-and-provenance,slice_start_mut_ptr,slice_start_mut_ptr,slice_start_mut_ptr,,,slice_start_mut_ptr,"slice Seq/View plus pointer provenance, length, alignment, and unsafe-domain helpers"
core::slice::as_mut_ptr_range,raw-pointer-and-provenance,slice_mut_ptr_range_result,slice_mut_ptr_range_result,slice_mut_ptr_range_result,,,slice_mut_ptr_range_result,"slice Seq/View plus pointer provenance, length, alignment, and unsafe-domain helpers"
core::slice::as_ptr,raw-pointer-and-provenance,slice_start_ptr,slice_start_ptr,slice_start_ptr,,,slice_start_ptr,"slice Seq/View plus pointer provenance, length, alignment, and unsafe-domain helpers"
core::slice::as_ptr_range,raw-pointer-and-provenance,slice_ptr_range_result,slice_ptr_range_result,slice_ptr_range_result,,,slice_ptr_range_result,"slice Seq/View plus pointer provenance, length, alignment, and unsafe-domain helpers"
core::slice::as_rchunks,iterator-splitting-and-chunking,slice_array_rchunks_partition,array_value_view;flatten_array_chunks;slice_array_rchunks_partition,array_value_view;flatten_array_chunks,array_value_view;flatten_array_chunks,,,Seq subrange/chunk partition and iterator remaining-sequence helpers
core::slice::as_rchunks_mut,iterator-splitting-and-chunking,flatten_array_chunks;slice_array_rchunks_partition,array_value_view;flatten_array_chunks;slice_array_rchunks_partition,array_value_view;flatten_array_chunks,array_value_view;flatten_array_chunks,,,Seq subrange/chunk partition and iterator remaining-sequence helpers
core::slice::assume_init_drop,maybe-uninit-slice-storage,maybe_uninit_all_initialized;maybe_uninit_drop_all;maybe_uninit_seq_relation,maybe_uninit_all_initialized;maybe_uninit_drop_all;maybe_uninit_seq_relation,maybe_uninit_seq_relation,,,maybe_uninit_seq_relation,MaybeUninit initialization/raw-storage view plus old/final write-frame helper
core::slice::assume_init_mut,maybe-uninit-slice-storage,maybe_uninit_all_initialized;maybe_uninit_seq_relation,maybe_uninit_all_initialized;maybe_uninit_seq_relation,maybe_uninit_seq_relation,,,maybe_uninit_seq_relation,MaybeUninit initialization/raw-storage view plus old/final write-frame helper
core::slice::assume_init_ref,maybe-uninit-slice-storage,maybe_uninit_all_initialized;maybe_uninit_seq_relation,maybe_uninit_all_initialized;maybe_uninit_seq_relation,maybe_uninit_seq_relation,,,maybe_uninit_seq_relation,MaybeUninit initialization/raw-storage view plus old/final write-frame helper
core::slice::binary_search,search-prefix-suffix-ordering,slice_binary_search_result,ord_cmp_observed;ord_leq_observed;ordering_rank;slice_binary_search_result;slice_ord_equal_at;slice_ord_insertion_point;slice_sorted_by_ord,ord_cmp_observed,,ord_cmp_observed,,"ord_cmp_observed, FnMut ordering/key observation, predicate observation, sortedness, and partition helpers"
core::slice::binary_search_by,search-prefix-suffix-ordering,slice_binary_search_by_result,fnmut_ordering_observed;ordering_rank;slice_binary_search_by_equal_at;slice_binary_search_by_insertion_point;slice_binary_search_by_ordered;slice_binary_search_by_result,fnmut_ordering_observed,,,fnmut_ordering_observed,"ord_cmp_observed, FnMut ordering/key observation, predicate observation, sortedness, and partition helpers"
core::slice::binary_search_by_key,search-prefix-suffix-ordering,slice_binary_search_by_key_result,fnmut_key_observed;ord_cmp_observed;ord_leq_observed;ordering_rank;slice_binary_search_by_key_equal_at;slice_binary_search_by_key_insertion_point;slice_binary_search_by_key_ordered;slice_binary_search_by_key_result,fnmut_key_observed;ord_cmp_observed,,ord_cmp_observed,fnmut_key_observed,"ord_cmp_observed, FnMut ordering/key observation, predicate observation, sortedness, and partition helpers"
core::slice::chunk_by,iterator-splitting-and-chunking,slice_adjacent_chunk_view,fnmut_adjacent_predicate_observed;slice_adjacent_chunk_view;slice_iterator_view;slice_iterator_well_formed,fnmut_adjacent_predicate_observed;slice_iterator_view,,slice_iterator_view,fnmut_adjacent_predicate_observed,"Seq source/remaining/remainder/yielded-prefix state, exact chunk partition, predicate split, adjacent chunk_by, split_off, utf8 chunk, and iterator helpers"
core::slice::chunk_by_mut,iterator-splitting-and-chunking,slice_adjacent_chunk_view,fnmut_adjacent_predicate_observed;slice_adjacent_chunk_view;slice_iterator_view;slice_iterator_well_formed,fnmut_adjacent_predicate_observed;slice_iterator_view,,slice_iterator_view,fnmut_adjacent_predicate_observed,"Seq source/remaining/remainder/yielded-prefix state, exact chunk partition, predicate split, adjacent chunk_by, split_off, utf8 chunk, and iterator helpers"
core::slice::chunks,iterator-splitting-and-chunking,slice_iterator_view,slice_iterator_view,slice_iterator_view,,slice_iterator_view,,"Seq source/remaining/remainder/yielded-prefix state, exact chunk partition, predicate split, adjacent chunk_by, split_off, utf8 chunk, and iterator helpers"
core::slice::chunks_exact,iterator-splitting-and-chunking,slice_chunk_partition;slice_iterator_view,slice_chunk_partition;slice_iterator_view;slice_iterator_well_formed,slice_iterator_view,,slice_iterator_view,,"Seq source/remaining/remainder/yielded-prefix state, exact chunk partition, predicate split, adjacent chunk_by, split_off, utf8 chunk, and iterator helpers"
core::slice::chunks_exact_mut,iterator-splitting-and-chunking,slice_chunk_partition;slice_iterator_view,slice_chunk_partition;slice_iterator_view;slice_iterator_well_formed,slice_iterator_view,,slice_iterator_view,,"Seq source/remaining/remainder/yielded-prefix state, exact chunk partition, predicate split, adjacent chunk_by, split_off, utf8 chunk, and iterator helpers"
core::slice::chunks_mut,iterator-splitting-and-chunking,slice_iterator_view,slice_iterator_view,slice_iterator_view,,slice_iterator_view,,"Seq source/remaining/remainder/yielded-prefix state, exact chunk partition, predicate split, adjacent chunk_by, split_off, utf8 chunk, and iterator helpers"
core::slice::clone_from_slice,mutation-frame-and-permutation,slice_cloned_from,slice_cloned_from,,,,,slice_cloned_from relation using vstd cloned<T> plus old/final slice views
core::slice::contains,search-prefix-suffix-ordering,slice_contains_value,partial_eq_observed;slice_contains_value,partial_eq_observed,,partial_eq_observed,,partial_eq_observed bridge plus Seq membership/prefix/suffix helpers
core::slice::element_offset,raw-pointer-and-provenance,slice_element_in_domain;slice_element_offset_result,slice_element_in_domain;slice_element_offset_result,slice_element_in_domain;slice_element_offset_result,,,slice_element_in_domain;slice_element_offset_result,"slice Seq/View plus pointer provenance, length, alignment, and unsafe-domain helpers"
core::slice::ends_with,search-prefix-suffix-ordering,slice_is_suffix,partial_eq_observed;slice_is_suffix,partial_eq_observed,,partial_eq_observed,,partial_eq_observed bridge plus Seq membership/prefix/suffix helpers
core::slice::eq_ignore_ascii_case,ascii-byte-sequence,ascii_eq_ignore_case,ascii_eq_ignore_case;ascii_is_uppercase;ascii_lower_byte,ascii_lower_byte,ascii_lower_byte,,,"Source-backed Seq<u8> ASCII classification, case-map, and trim boundary/subrange helpers; EscapeAscii byte expansion remains an iterator-formatting boundary"
core::slice::escape_ascii,ascii-byte-sequence,ascii_escape_seq;slice_iterator_view,ascii_escape_seq;slice_iterator_view,ascii_escape_seq;slice_iterator_view,,slice_iterator_view,ascii_escape_seq,"Source-backed Seq<u8> ASCII classification, case-map, and trim boundary/subrange helpers; EscapeAscii byte expansion remains an iterator-formatting boundary"
core::slice::fill,mutation-frame-and-permutation,slice_filled_with_clone,slice_filled_with_clone,,,,,slice_filled_with_clone relation using vstd cloned<T> plus old/final slice views
core::slice::fill_with,mutation-frame-and-permutation,zero_arg_fnmut_outputs,zero_arg_fnmut_outputs,zero_arg_fnmut_outputs,,zero_arg_fnmut_outputs,,zero_arg_fnmut_outputs closure-observation sequence plus old/final slice views
core::slice::first_chunk,iterator-splitting-and-chunking,array_ref_view;slice_fixed_prefix,array_ref_view;slice_fixed_prefix,array_ref_view,array_ref_view,,,Seq subrange/chunk partition and iterator remaining-sequence helpers
core::slice::first_chunk_mut,iterator-splitting-and-chunking,array_mut_ref_view;array_value_view;slice_fixed_prefix,array_mut_ref_view;array_value_view;slice_fixed_prefix,array_mut_ref_view;array_value_view,array_mut_ref_view;array_value_view,,,Seq subrange/chunk partition and iterator remaining-sequence helpers
core::slice::from_mut,raw-pointer-and-provenance,,,,,,,"slice Seq/View plus pointer provenance, length, alignment, and unsafe-domain helpers"
core::slice::from_raw_parts,raw-pointer-and-provenance,slice_from_raw_parts_result;slice_raw_domain;slice_raw_domain_valid,slice_from_raw_parts_result;slice_raw_domain;slice_raw_domain_valid;slice_start_ptr,slice_raw_domain;slice_start_ptr,,,slice_raw_domain;slice_start_ptr,"slice Seq/View plus pointer provenance, length, alignment, and unsafe-domain helpers"
core::slice::from_raw_parts_mut,raw-pointer-and-provenance,slice_from_raw_parts_mut_result;slice_raw_domain_valid;slice_raw_mut_domain,slice_from_raw_parts_mut_result;slice_raw_domain_valid;slice_raw_mut_domain;slice_start_mut_ptr,slice_raw_mut_domain;slice_start_mut_ptr,,,slice_raw_mut_domain;slice_start_mut_ptr,"slice Seq/View plus pointer provenance, length, alignment, and unsafe-domain helpers"
core::slice::from_ref,raw-pointer-and-provenance,,,,,,,"slice Seq/View plus pointer provenance, length, alignment, and unsafe-domain helpers"
core::slice::get_disjoint_mut,mutation-frame-and-permutation,slice_disjoint_indices_valid,slice_disjoint_indices_valid,slice_disjoint_indices_valid,,,slice_disjoint_indices_valid,"old/final Seq update, frame, permutation, and disjointness helpers"
core::slice::get_disjoint_unchecked_mut,mutation-frame-and-permutation,slice_disjoint_indices_valid,slice_disjoint_indices_valid,slice_disjoint_indices_valid,,,slice_disjoint_indices_valid,"old/final Seq update, frame, permutation, and disjointness helpers"
core::slice::get_mut,basic-observation-and-conversion,slice_index_in_range;slice_index_mut_frame,slice_index_in_range;slice_index_mut_frame,slice_index_in_range;slice_index_mut_frame,,,slice_index_in_range;slice_index_mut_frame,shared [T]@ -> Seq<T> View model and length/subrange helpers
core::slice::get_unchecked,raw-pointer-and-provenance,slice_index_in_range;slice_index_result,slice_index_in_range;slice_index_result,slice_index_in_range;slice_index_result,,,slice_index_in_range;slice_index_result,"slice Seq/View plus pointer provenance, length, alignment, and unsafe-domain helpers"
core::slice::get_unchecked_mut,raw-pointer-and-provenance,slice_index_in_range;slice_index_mut_frame,slice_index_in_range;slice_index_mut_frame,slice_index_in_range;slice_index_mut_frame,,,slice_index_in_range;slice_index_mut_frame,"slice Seq/View plus pointer provenance, length, alignment, and unsafe-domain helpers"
core::slice::is_ascii,ascii-byte-sequence,ascii_all,ascii_all;ascii_is_byte,,,,,"Source-backed Seq<u8> ASCII classification, case-map, and trim boundary/subrange helpers; EscapeAscii byte expansion remains an iterator-formatting boundary"
core::slice::is_sorted,search-prefix-suffix-ordering,slice_sorted_by_partial_ord,partial_ord_leq_observed;slice_sorted_by_partial_ord,partial_ord_leq_observed,,partial_ord_leq_observed,,"Seq membership, prefix/suffix/subrange, sortedness, and predicate observation helpers"
core::slice::is_sorted_by,search-prefix-suffix-ordering,slice_sorted_by_bool_compare_result,fnmut_adjacent_bool_outputs;fnmut_adjacent_bool_trace_valid;slice_adjacent_pair_count;slice_sorted_by_bool_compare;slice_sorted_by_bool_compare_result,fnmut_adjacent_bool_outputs,,,fnmut_adjacent_bool_outputs,"Seq membership, prefix/suffix/subrange, sortedness, and source-adjacent FnMut observation helpers"
core::slice::is_sorted_by_key,search-prefix-suffix-ordering,slice_sorted_by_partial_key_result,fnmut_adjacent_key_outputs;fnmut_adjacent_key_trace_valid;partial_ord_leq_observed;slice_sorted_by_partial_key;slice_sorted_by_partial_key_result,fnmut_adjacent_key_outputs;partial_ord_leq_observed,,partial_ord_leq_observed,fnmut_adjacent_key_outputs,"Seq membership, prefix/suffix/subrange, sortedness, and source-adjacent FnMut key observation helpers"
core::slice::iter_mut,iterator-splitting-and-chunking,slice_iterator_view,slice_iterator_view,slice_iterator_view,,slice_iterator_view,,Seq subrange/chunk partition and iterator remaining-sequence helpers
core::slice::last_chunk,iterator-splitting-and-chunking,array_ref_view;slice_fixed_suffix,array_ref_view;slice_fixed_suffix,array_ref_view,array_ref_view,,,Seq subrange/chunk partition and iterator remaining-sequence helpers
core::slice::last_chunk_mut,iterator-splitting-and-chunking,array_mut_ref_view;array_value_view;slice_fixed_suffix,array_mut_ref_view;array_value_view;slice_fixed_suffix,array_mut_ref_view;array_value_view,array_mut_ref_view;array_value_view,,,Seq subrange/chunk partition and iterator remaining-sequence helpers
core::slice::make_ascii_lowercase,ascii-byte-sequence,ascii_lower_seq,ascii_is_uppercase;ascii_lower_byte;ascii_lower_seq,ascii_lower_byte,ascii_lower_byte,,,"Source-backed Seq<u8> ASCII classification, case-map, and trim boundary/subrange helpers; EscapeAscii byte expansion remains an iterator-formatting boundary"
core::slice::make_ascii_uppercase,ascii-byte-sequence,ascii_upper_seq,ascii_is_lowercase;ascii_upper_byte;ascii_upper_seq,ascii_upper_byte,ascii_upper_byte,,,"Source-backed Seq<u8> ASCII classification, case-map, and trim boundary/subrange helpers; EscapeAscii byte expansion remains an iterator-formatting boundary"
core::slice::partition_point,search-prefix-suffix-ordering,slice_partition_point_result,fnmut_predicate_observed;slice_partition_point_result;slice_partitioned_by_predicate,fnmut_predicate_observed,,,fnmut_predicate_observed,"ord_cmp_observed, FnMut ordering/key observation, predicate observation, sortedness, and partition helpers"
core::slice::rchunks,iterator-splitting-and-chunking,slice_iterator_view,slice_iterator_view,slice_iterator_view,,slice_iterator_view,,"Seq source/remaining/remainder/yielded-prefix state, exact chunk partition, predicate split, adjacent chunk_by, split_off, utf8 chunk, and iterator helpers"
core::slice::rchunks_exact,iterator-splitting-and-chunking,slice_chunk_partition;slice_iterator_view,slice_chunk_partition;slice_iterator_view;slice_iterator_well_formed,slice_iterator_view,,slice_iterator_view,,"Seq source/remaining/remainder/yielded-prefix state, exact chunk partition, predicate split, adjacent chunk_by, split_off, utf8 chunk, and iterator helpers"
core::slice::rchunks_exact_mut,iterator-splitting-and-chunking,slice_chunk_partition;slice_iterator_view,slice_chunk_partition;slice_iterator_view;slice_iterator_well_formed,slice_iterator_view,,slice_iterator_view,,"Seq source/remaining/remainder/yielded-prefix state, exact chunk partition, predicate split, adjacent chunk_by, split_off, utf8 chunk, and iterator helpers"
core::slice::rchunks_mut,iterator-splitting-and-chunking,slice_iterator_view,slice_iterator_view,slice_iterator_view,,slice_iterator_view,,"Seq source/remaining/remainder/yielded-prefix state, exact chunk partition, predicate split, adjacent chunk_by, split_off, utf8 chunk, and iterator helpers"
core::slice::reverse,mutation-frame-and-permutation,slice_reversed,slice_reversed,,,,,slice_reversed Seq transformer over old/final slice views
core::slice::rotate_left,mutation-frame-and-permutation,slice_rotated_left,slice_rotated_left,,,,,slice_rotated_left subrange-concatenation transformer over old/final slice views
core::slice::rotate_right,mutation-frame-and-permutation,slice_rotated_right,slice_rotated_right,,,,,slice_rotated_right subrange-concatenation transformer over old/final slice views
core::slice::rsplit,iterator-splitting-and-chunking,slice_predicate_split_view,fnmut_predicate_observed;slice_iterator_view;slice_iterator_well_formed;slice_predicate_split_view,fnmut_predicate_observed;slice_iterator_view,,slice_iterator_view,fnmut_predicate_observed,"Seq source/remaining/remainder/yielded-prefix state, exact chunk partition, predicate split, adjacent chunk_by, split_off, utf8 chunk, and iterator helpers"
core::slice::rsplit_mut,iterator-splitting-and-chunking,slice_predicate_split_view,fnmut_predicate_observed;slice_iterator_view;slice_iterator_well_formed;slice_predicate_split_view,fnmut_predicate_observed;slice_iterator_view,,slice_iterator_view,fnmut_predicate_observed,"Seq source/remaining/remainder/yielded-prefix state, exact chunk partition, predicate split, adjacent chunk_by, split_off, utf8 chunk, and iterator helpers"
core::slice::rsplitn,iterator-splitting-and-chunking,slice_predicate_split_view,fnmut_predicate_observed;slice_iterator_view;slice_iterator_well_formed;slice_predicate_split_view,fnmut_predicate_observed;slice_iterator_view,,slice_iterator_view,fnmut_predicate_observed,"Seq source/remaining/remainder/yielded-prefix state, exact chunk partition, predicate split, adjacent chunk_by, split_off, utf8 chunk, and iterator helpers"
core::slice::rsplitn_mut,iterator-splitting-and-chunking,slice_predicate_split_view,fnmut_predicate_observed;slice_iterator_view;slice_iterator_well_formed;slice_predicate_split_view,fnmut_predicate_observed;slice_iterator_view,,slice_iterator_view,fnmut_predicate_observed,"Seq source/remaining/remainder/yielded-prefix state, exact chunk partition, predicate split, adjacent chunk_by, split_off, utf8 chunk, and iterator helpers"
core::slice::select_nth_unstable,sorting-and-selection,slice_permutation;slice_select_partition_ord,ord_cmp_observed;ord_leq_observed;ordering_rank;slice_multiplicity;slice_permutation;slice_select_partition_ord,ord_cmp_observed;slice_multiplicity,slice_multiplicity,ord_cmp_observed,,"Seq permutation, sortedness/order, partition, and comparator Ordering-observation helpers"
core::slice::select_nth_unstable_by,sorting-and-selection,comparator_observation;slice_permutation;slice_select_partition_cmp,comparator_leq_observed;comparator_observation;comparator_ordering_observed;ordering_rank;slice_multiplicity;slice_permutation;slice_select_partition_cmp,comparator_observation;comparator_ordering_observed;slice_multiplicity,slice_multiplicity,comparator_observation;comparator_ordering_observed,,"Seq permutation, sortedness/order, partition, and comparator Ordering-observation helpers"
core::slice::select_nth_unstable_by_key,sorting-and-selection,slice_permutation;slice_select_partition_key,fnmut_key_observed;ord_cmp_observed;ord_leq_observed;ordering_rank;slice_multiplicity;slice_permutation;slice_select_partition_key,fnmut_key_observed;ord_cmp_observed;slice_multiplicity,slice_multiplicity,ord_cmp_observed,fnmut_key_observed,"Seq permutation, sortedness/order, partition, and comparator Ordering-observation helpers"
core::slice::sort_unstable,sorting-and-selection,slice_permutation;slice_sorted_by_ord,ord_cmp_observed;ord_leq_observed;ordering_rank;slice_multiplicity;slice_permutation;slice_sorted_by_ord,ord_cmp_observed;slice_multiplicity,slice_multiplicity,ord_cmp_observed,,"Seq permutation, sortedness/order, partition, and comparator Ordering-observation helpers"
core::slice::sort_unstable_by,sorting-and-selection,comparator_observation;slice_permutation;slice_sorted_by_cmp,comparator_leq_observed;comparator_observation;comparator_ordering_observed;ordering_rank;slice_multiplicity;slice_permutation;slice_sorted_by_cmp,comparator_observation;comparator_ordering_observed;slice_multiplicity,slice_multiplicity,comparator_observation;comparator_ordering_observed,,"Seq permutation, sortedness/order, partition, and comparator Ordering-observation helpers"
core::slice::sort_unstable_by_key,sorting-and-selection,slice_permutation;slice_sorted_by_key,fnmut_key_observed;ord_cmp_observed;ord_leq_observed;ordering_rank;slice_multiplicity;slice_permutation;slice_sorted_by_key,fnmut_key_observed;ord_cmp_observed;slice_multiplicity,slice_multiplicity,ord_cmp_observed,fnmut_key_observed,"Seq permutation, sortedness/order, partition, and comparator Ordering-observation helpers"
core::slice::split,iterator-splitting-and-chunking,slice_predicate_split_view,fnmut_predicate_observed;slice_iterator_view;slice_iterator_well_formed;slice_predicate_split_view,fnmut_predicate_observed;slice_iterator_view,,slice_iterator_view,fnmut_predicate_observed,"Seq source/remaining/remainder/yielded-prefix state, exact chunk partition, predicate split, adjacent chunk_by, split_off, utf8 chunk, and iterator helpers"
core::slice::split_at_checked,iterator-splitting-and-chunking,,,,,,,Seq subrange/chunk partition and iterator remaining-sequence helpers
core::slice::split_at_mut_checked,iterator-splitting-and-chunking,,,,,,,Seq subrange/chunk partition and iterator remaining-sequence helpers
core::slice::split_at_mut_unchecked,iterator-splitting-and-chunking,split_point_in_range,split_point_in_range,,,,,Seq subrange/chunk partition and iterator remaining-sequence helpers
core::slice::split_at_unchecked,iterator-splitting-and-chunking,split_point_in_range,split_point_in_range,,,,,Seq subrange/chunk partition and iterator remaining-sequence helpers
core::slice::split_first,iterator-splitting-and-chunking,,,,,,,Seq subrange/chunk partition and iterator remaining-sequence helpers
core::slice::split_first_chunk,iterator-splitting-and-chunking,array_ref_view;slice_fixed_prefix,array_ref_view;slice_fixed_prefix,array_ref_view,array_ref_view,,,Seq subrange/chunk partition and iterator remaining-sequence helpers
core::slice::split_first_chunk_mut,iterator-splitting-and-chunking,array_mut_ref_view;array_value_view;slice_fixed_prefix,array_mut_ref_view;array_value_view;slice_fixed_prefix,array_mut_ref_view;array_value_view,array_mut_ref_view;array_value_view,,,Seq subrange/chunk partition and iterator remaining-sequence helpers
core::slice::split_first_mut,iterator-splitting-and-chunking,,,,,,,Seq subrange/chunk partition and iterator remaining-sequence helpers
core::slice::split_inclusive,iterator-splitting-and-chunking,slice_predicate_split_view,fnmut_predicate_observed;slice_iterator_view;slice_iterator_well_formed;slice_predicate_split_view,fnmut_predicate_observed;slice_iterator_view,,slice_iterator_view,fnmut_predicate_observed,"Seq source/remaining/remainder/yielded-prefix state, exact chunk partition, predicate split, adjacent chunk_by, split_off, utf8 chunk, and iterator helpers"
core::slice::split_inclusive_mut,iterator-splitting-and-chunking,slice_predicate_split_view,fnmut_predicate_observed;slice_iterator_view;slice_iterator_well_formed;slice_predicate_split_view,fnmut_predicate_observed;slice_iterator_view,,slice_iterator_view,fnmut_predicate_observed,"Seq source/remaining/remainder/yielded-prefix state, exact chunk partition, predicate split, adjacent chunk_by, split_off, utf8 chunk, and iterator helpers"
core::slice::split_last,iterator-splitting-and-chunking,,,,,,,Seq subrange/chunk partition and iterator remaining-sequence helpers
core::slice::split_last_chunk,iterator-splitting-and-chunking,array_ref_view;slice_fixed_suffix,array_ref_view;slice_fixed_suffix,array_ref_view,array_ref_view,,,Seq subrange/chunk partition and iterator remaining-sequence helpers
core::slice::split_last_chunk_mut,iterator-splitting-and-chunking,array_mut_ref_view;array_value_view;slice_fixed_suffix,array_mut_ref_view;array_value_view;slice_fixed_suffix,array_mut_ref_view;array_value_view,array_mut_ref_view;array_value_view,,,Seq subrange/chunk partition and iterator remaining-sequence helpers
core::slice::split_last_mut,iterator-splitting-and-chunking,,,,,,,Seq subrange/chunk partition and iterator remaining-sequence helpers
core::slice::split_mut,iterator-splitting-and-chunking,slice_predicate_split_view,fnmut_predicate_observed;slice_iterator_view;slice_iterator_well_formed;slice_predicate_split_view,fnmut_predicate_observed;slice_iterator_view,,slice_iterator_view,fnmut_predicate_observed,"Seq source/remaining/remainder/yielded-prefix state, exact chunk partition, predicate split, adjacent chunk_by, split_off, utf8 chunk, and iterator helpers"
core::slice::split_off,iterator-splitting-and-chunking,slice_split_off_partition,slice_split_off_partition,,,,,"Seq subrange/chunk partition, predicate split, adjacent chunk_by, split_off, utf8 chunk, and iterator remaining-sequence helpers"
core::slice::split_off_first,iterator-splitting-and-chunking,slice_split_off_first_result,slice_split_off_first_result,,,,,"Seq subrange/chunk partition, predicate split, adjacent chunk_by, split_off, utf8 chunk, and iterator remaining-sequence helpers"
core::slice::split_off_first_mut,iterator-splitting-and-chunking,slice_split_off_first_result,slice_split_off_first_result,,,,,"Seq subrange/chunk partition, predicate split, adjacent chunk_by, split_off, utf8 chunk, and iterator remaining-sequence helpers"
core::slice::split_off_last,iterator-splitting-and-chunking,slice_split_off_last_result,slice_split_off_last_result,,,,,"Seq subrange/chunk partition, predicate split, adjacent chunk_by, split_off, utf8 chunk, and iterator remaining-sequence helpers"
core::slice::split_off_last_mut,iterator-splitting-and-chunking,slice_split_off_last_result,slice_split_off_last_result,,,,,"Seq subrange/chunk partition, predicate split, adjacent chunk_by, split_off, utf8 chunk, and iterator remaining-sequence helpers"
core::slice::split_off_mut,iterator-splitting-and-chunking,slice_split_off_partition,slice_split_off_partition,,,,,"Seq subrange/chunk partition, predicate split, adjacent chunk_by, split_off, utf8 chunk, and iterator remaining-sequence helpers"
core::slice::splitn,iterator-splitting-and-chunking,slice_predicate_split_view,fnmut_predicate_observed;slice_iterator_view;slice_iterator_well_formed;slice_predicate_split_view,fnmut_predicate_observed;slice_iterator_view,,slice_iterator_view,fnmut_predicate_observed,"Seq source/remaining/remainder/yielded-prefix state, exact chunk partition, predicate split, adjacent chunk_by, split_off, utf8 chunk, and iterator helpers"
core::slice::splitn_mut,iterator-splitting-and-chunking,slice_predicate_split_view,fnmut_predicate_observed;slice_iterator_view;slice_iterator_well_formed;slice_predicate_split_view,fnmut_predicate_observed;slice_iterator_view,,slice_iterator_view,fnmut_predicate_observed,"Seq source/remaining/remainder/yielded-prefix state, exact chunk partition, predicate split, adjacent chunk_by, split_off, utf8 chunk, and iterator helpers"
core::slice::starts_with,search-prefix-suffix-ordering,slice_is_prefix,partial_eq_observed;slice_is_prefix,partial_eq_observed,,partial_eq_observed,,partial_eq_observed bridge plus Seq membership/prefix/suffix helpers
core::slice::strip_circumfix,search-prefix-suffix-ordering,slice_pattern_view;slice_strip_circumfix_result,partial_eq_observed;slice_is_prefix;slice_is_suffix;slice_pattern_view;slice_strip_circumfix_result,partial_eq_observed;slice_pattern_view,,partial_eq_observed,slice_pattern_view,"Seq membership, prefix/suffix/subrange, sortedness, and predicate observation helpers"
core::slice::strip_prefix,search-prefix-suffix-ordering,slice_pattern_view;slice_strip_prefix_result,partial_eq_observed;slice_is_prefix;slice_pattern_view;slice_strip_prefix_result,partial_eq_observed;slice_pattern_view,,partial_eq_observed,slice_pattern_view,"Seq membership, prefix/suffix/subrange, sortedness, and predicate observation helpers"
core::slice::strip_suffix,search-prefix-suffix-ordering,slice_pattern_view;slice_strip_suffix_result,partial_eq_observed;slice_is_suffix;slice_pattern_view;slice_strip_suffix_result,partial_eq_observed;slice_pattern_view,,partial_eq_observed,slice_pattern_view,"Seq membership, prefix/suffix/subrange, sortedness, and predicate observation helpers"
core::slice::subslice_range,raw-pointer-and-provenance,slice_subslice_in_domain;slice_subslice_range_result,slice_subslice_in_domain;slice_subslice_range_result,slice_subslice_in_domain;slice_subslice_range_result,,,slice_subslice_in_domain;slice_subslice_range_result,"slice Seq/View plus pointer provenance, length, alignment, and unsafe-domain helpers"
core::slice::swap,mutation-frame-and-permutation,slice_swapped,slice_swapped,,,,,slice_swapped Seq update transformer over old/final slice views
core::slice::swap_with_slice,mutation-frame-and-permutation,,,,,,,old/final paired-slice frame relation
core::slice::trim_ascii,ascii-byte-sequence,ascii_trim_result,ascii_is_whitespace;ascii_trim_end_boundary;ascii_trim_end_index;ascii_trim_result;ascii_trim_start_boundary;ascii_trim_start_index,ascii_trim_end_index;ascii_trim_start_index,ascii_trim_end_index;ascii_trim_start_index,,,"Source-backed Seq<u8> ASCII classification, case-map, and trim boundary/subrange helpers; EscapeAscii byte expansion remains an iterator-formatting boundary"
core::slice::trim_ascii_end,ascii-byte-sequence,ascii_trim_end_result,ascii_is_whitespace;ascii_trim_end_boundary;ascii_trim_end_index;ascii_trim_end_result,ascii_trim_end_index,ascii_trim_end_index,,,"Source-backed Seq<u8> ASCII classification, case-map, and trim boundary/subrange helpers; EscapeAscii byte expansion remains an iterator-formatting boundary"
core::slice::trim_ascii_start,ascii-byte-sequence,ascii_trim_start_result,ascii_is_whitespace;ascii_trim_start_boundary;ascii_trim_start_index;ascii_trim_start_result,ascii_trim_start_index,ascii_trim_start_index,,,"Source-backed Seq<u8> ASCII classification, case-map, and trim boundary/subrange helpers; EscapeAscii byte expansion remains an iterator-formatting boundary"
core::slice::utf8_chunks,iterator-splitting-and-chunking,utf8_chunk_partition,slice_iterator_view;slice_iterator_well_formed;utf8_chunk_partition,slice_iterator_view,,slice_iterator_view,,"Seq subrange/chunk partition, predicate split, adjacent chunk_by, split_off, utf8 chunk, and iterator remaining-sequence helpers"
core::slice::windows,iterator-splitting-and-chunking,slice_iterator_view,slice_iterator_view,slice_iterator_view,,slice_iterator_view,,"Seq source/remaining/remainder/yielded-prefix state, exact chunk partition, predicate split, adjacent chunk_by, split_off, utf8 chunk, and iterator helpers"
core::slice::write_clone_of_slice,maybe-uninit-slice-storage,maybe_uninit_seq_relation;maybe_uninit_written_from,maybe_uninit_seq_relation;maybe_uninit_written_from,maybe_uninit_seq_relation,,,maybe_uninit_seq_relation,MaybeUninit initialization/raw-storage view plus old/final write-frame helper
core::slice::write_copy_of_slice,maybe-uninit-slice-storage,maybe_uninit_seq_relation;maybe_uninit_written_from,maybe_uninit_seq_relation;maybe_uninit_written_from,maybe_uninit_seq_relation,,,maybe_uninit_seq_relation,MaybeUninit initialization/raw-storage view plus old/final write-frame helper
